<?xml version="1.0" encoding="UTF-8"?>

<Citation xmlns="http://hl7.org/fhir">
  <id value="Recommendation0.2PostOperativeScreeningOfDelirium"/>
  <meta>
    <profile value="https://www.netzwerk-universitaetsmedizin.de/fhir/cpg-on-ebm-on-fhir/StructureDefinition/recommendation-citation"/>
  </meta>
  <text>
    <status value="generated"/><div xmlns="http://www.w3.org/1999/xhtml"><p><b>Generated Narrative: Citation</b><a name="Recommendation0.2PostOperativeScreeningOfDelirium"> </a><a name="hcRecommendation0.2PostOperativeScreeningOfDelirium"> </a></p><div style="display: inline-block; background-color: #d9e0e7; padding: 6px; margin: 4px; border: 1px solid #8da1b4; border-radius: 5px; line-height: 60%"><p style="margin-bottom: 0px">ResourceCitation &quot;Recommendation0.2PostOperativeScreeningOfDelirium&quot; </p><p style="margin-bottom: 0px">Profile: <a href="file:///github/workspace/output/StructureDefinition-recommendation-citation.html">Recommendation Citation</a></p></div><p><b>version</b>: 0.2.0</p><p><b>name</b>: Recommendation0_2PostOperativeScreeningOfDelirium</p><p><b>title</b>: RRecommendation 0.2: Postoperative screening of delirium</p><p><b>status</b>: draft</p><p><b>date</b>: 2024-04</p><blockquote><p><b>citedArtifact</b></p><p><b>identifier</b>: 37599617-rec0.2</p><h3>Versions</h3><table class="grid"><tr><td style="display: none">-</td><td><b>Value</b></td></tr><tr><td style="display: none">*</td><td>1.0</td></tr></table><p><b>currentState</b>: Published final form <span style="background: LightGoldenRodYellow; margin: 4px; border: 1px solid khaki"> (<a href="http://hl7.org/fhir/R5/codesystem-cited-artifact-status-type.html">Cited Artifact Status Type</a>#published-final-form)</span></p><h3>Titles</h3><table class="grid"><tr><td style="display: none">-</td><td><b>Type</b></td><td><b>Language</b></td><td><b>Text</b></td></tr><tr><td style="display: none">*</td><td>Primary title <span style="background: LightGoldenRodYellow; margin: 4px; border: 1px solid khaki"> (<a href="http://hl7.org/fhir/R5/codesystem-title-type.html">Title Type</a>#primary)</span></td><td>English <span style="background: LightGoldenRodYellow; margin: 4px; border: 1px solid khaki"> (<a href="http://terminology.hl7.org/5.5.0/CodeSystem-v3-ietf3066.html">Tags for the Identification of Languages</a>#en)</span></td><td>Recommendation 0.2</td></tr></table><h3>Parts</h3><table class="grid"><tr><td style="display: none">-</td><td><b>Type</b></td><td><b>Value</b></td></tr><tr><td style="display: none">*</td><td>paragraphs <span style="background: LightGoldenRodYellow; margin: 4px; border: 1px solid khaki"> (<a href="http://hl7.org/fhir/R5/codesystem-cited-artifact-part-type.html">Cited Artifact Part Type</a>#paragraphs)</span></td><td>Delirium should be screened at least once per day (preferably two or three times per day) for at least 3 days, starting in the recovery room or in the PACU on the day of surgery or latest on postoperative day 1.</td></tr></table><h3>RelatesTos</h3><table class="grid"><tr><td style="display: none">-</td><td><b>Type</b></td><td><b>Resource</b></td></tr><tr><td style="display: none">*</td><td>contained-in</td><td><a href="Citation-ClinicalPracticeGuidelineESAICOnPostOpDeliriumInAdultPatients.html">Update of the European Society of Anaesthesiology and Intensive Care Medicine evidence-based and consensus-based guideline on postoperative delirium in adult patients</a></td></tr></table><h3>Classifications</h3><table class="grid"><tr><td style="display: none">-</td><td><b>Type</b></td><td><b>Classifier</b></td></tr><tr><td style="display: none">*</td><td>Publication Type <span style="background: LightGoldenRodYellow; margin: 4px; border: 1px solid khaki"> (<a href="http://hl7.org/fhir/R5/codesystem-cited-artifact-classification-type.html">Cited Artifact Classification Type</a>#publication-type)</span></td><td>Clinical practice guideline recommendation <span style="background: LightGoldenRodYellow; margin: 4px; border: 1px solid khaki"> (<a href="file:///github/workspace/output/CodeSystem-ceosys-code-system.html">CEOsys Code System</a>#guideline-recommendation)</span></td></tr></table><blockquote><p><b>contributorship</b></p><blockquote><p><b>entry</b></p><p><b>contributor</b>: <a href="Practitioner-CesarAldecoa.html">Practitioner/CesarAldecoa</a> &quot; ALDECOA&quot;</p><p><b>affiliation</b>: <span>: Department of Anaesthesia and Postoperative Critical Care, Hospital Universitario Rio Hortega, Valladolid, Spain</span></p></blockquote><blockquote><p><b>entry</b></p><p><b>contributor</b>: <a href="Practitioner-GabriellaBettelli.html">Practitioner/GabriellaBettelli</a> &quot; BETTELLI&quot;</p><p><b>affiliation</b>: <span>: Department of Biomedical Studies, University of the Republic of San Marino, San Marino</span></p></blockquote><blockquote><p><b>entry</b></p><p><b>contributor</b>: <a href="Practitioner-FedericoBilotta.html">Practitioner/FedericoBilotta</a> &quot; BILOTTA&quot;</p><p><b>affiliation</b>: <span>: Department of Anesthesiology, Critical Care and Pain Medicine, 'Sapienza' University of Rome, Rome, Italy</span></p></blockquote><blockquote><p><b>entry</b></p><p><b>contributor</b>: <a href="Practitioner-RobertSanders.html">Practitioner/RobertSanders</a> &quot; SANDERS&quot;</p><p><b>affiliation</b>: <span>: Specialty of Anaesthetics &amp; NHMRC Clinical Trials Centre, University of Sydney &amp; Department of Anaesthetics and Institute of Academic Surgery, Royal Prince Alfred Hospital</span></p></blockquote><blockquote><p><b>entry</b></p><p><b>contributor</b>: <a href="Practitioner-PaolaAceto.html">Practitioner/PaolaAceto</a> &quot; ACETO&quot;</p><p><b>affiliation</b>: </p><ul><li><span>: Dipartimento di Scienze dell'Emergenza, Anestesiologiche e della Rianimazione, Fondazione Policlinico Universitario A. Gemelli IRCCS, Rome, Italy</span></li><li><span>: Dipartimento di Scienze Biotecnologiche di Base, Cliniche Intensivologiche e Perioperatorie, Università Cattolica del Sacro Cuore, Rome, Italy</span></li></ul></blockquote><blockquote><p><b>entry</b></p><p><b>contributor</b>: <a href="Practitioner-RiccardoAudisio.html">Practitioner/RiccardoAudisio</a> &quot; AUDISIO&quot;</p><p><b>affiliation</b>: <span>: Department of Surgery, Institute of Clinical Sciences, Sahlgrenska University Hospital, Göteborg, Sweden</span></p></blockquote><blockquote><p><b>entry</b></p><p><b>contributor</b>: <a href="Practitioner-AntonioCherubini.html">Practitioner/AntonioCherubini</a> &quot; CHERUBINI&quot;</p><p><b>affiliation</b>: <span>: Geriatria, Accettazione Geriatrica e Centro di ricerca per l'invecchiamento, IRCCS INRCA, Ancona, Italy</span></p></blockquote><blockquote><p><b>entry</b></p><p><b>contributor</b>: <a href="Practitioner-ColmCunningham.html">Practitioner/ColmCunningham</a> &quot; CUNNINGHAM&quot;</p><p><b>affiliation</b>: <span>: School of Biochemistry and Immunology and Trinity College Institute of Neuroscience, Trinity College, Dublin, Ireland</span></p></blockquote><blockquote><p><b>entry</b></p><p><b>contributor</b>: <a href="Practitioner-WojciechDabrowski.html">Practitioner/WojciechDabrowski</a> &quot; DABROWSKI&quot;</p><p><b>affiliation</b>: <span>: First Department of Anaesthesiology and Intensive Care Medical University of Lublin, Poland</span></p></blockquote><blockquote><p><b>entry</b></p><p><b>contributor</b>: <a href="Practitioner-AliForookhi.html">Practitioner/AliForookhi</a> &quot; FOROOKHI&quot;</p><p><b>affiliation</b>: <span>: Department of Anesthesiology, Critical Care and Pain Medicine, 'Sapienza' University of Rome, Rome, Italy</span></p></blockquote><blockquote><p><b>entry</b></p><p><b>contributor</b>: <a href="Practitioner-NicolaGitti.html">Practitioner/NicolaGitti</a> &quot; GITTI&quot;</p><p><b>affiliation</b>: <span>: Department of Medical and Surgical Specialties, Radiological Sciences and Public Health, University of Brescia</span></p></blockquote><blockquote><p><b>entry</b></p><p><b>contributor</b>: <a href="Practitioner-KatiImmonen.html">Practitioner/KatiImmonen</a> &quot; IMMONEN&quot;</p><p><b>affiliation</b>: <span>: Research Unit of Nursing Science and Health Management, University of Oulu, Oulu, Finland</span></p></blockquote><blockquote><p><b>entry</b></p><p><b>contributor</b>: <a href="Practitioner-HenrikKehlet.html">Practitioner/HenrikKehlet</a> &quot; KEHLET&quot;</p><p><b>affiliation</b>: <span>: Section of Surgical Pathophysiology, Copenhagen University Hospital, Rigshospitalet, Copenhagen, Denmark</span></p></blockquote><blockquote><p><b>entry</b></p><p><b>contributor</b>: <a href="Practitioner-SusanneKoch.html">Practitioner/SusanneKoch</a> &quot; KOCH&quot;</p><p><b>affiliation</b>: <span>: Department of Anesthesiology and Intensive Care Medicine, Charité-Universitätsmedizin Berlin, Corporate Member of Freie Universität Berlin, and Humboldt Universität zu Berlin, Campus Charité Mitte, and Campus Virchow Klinikum</span></p></blockquote><blockquote><p><b>entry</b></p><p><b>contributor</b>: <a href="Practitioner-KatarzynaKotfis.html">Practitioner/KatarzynaKotfis</a> &quot; KOTFIS&quot;</p><p><b>affiliation</b>: <span>: Department of Anesthesiology, Intensive Therapy and Acute Intoxications, Pomeranian Medical University in Szczecin, Poland</span></p></blockquote><blockquote><p><b>entry</b></p><p><b>contributor</b>: <a href="Practitioner-NicolaLatronico.html">Practitioner/NicolaLatronico</a> &quot; LATRONICO&quot;</p><p><b>affiliation</b>: </p><ul><li><span>: Department of Medical and Surgical Specialties, Radiological Sciences and Public Health, University of Brescia</span></li><li><span>: Department of Anesthesia, Critical Care and Emergency, Spedali Civili University Hospital, Brescia, Italy</span></li></ul></blockquote><blockquote><p><b>entry</b></p><p><b>contributor</b>: <a href="Practitioner-AlasdairMacLullich.html">Practitioner/AlasdairMacLullich</a> &quot; MACLULLICH&quot;</p><p><b>affiliation</b>: <span>: Edinburgh Delirium Research Group, Ageing and Health, Usher Institute, University of Edinburgh, Edinburgh, United Kingdom</span></p></blockquote><blockquote><p><b>entry</b></p><p><b>contributor</b>: <a href="Practitioner-LiorMevorach.html">Practitioner/LiorMevorach</a> &quot; MEVORACH&quot;</p><p><b>affiliation</b>: <span>: Department of Anesthesiology, Critical Care and Pain Medicine, 'Sapienza' University of Rome, Rome, Italy</span></p></blockquote><blockquote><p><b>entry</b></p><p><b>contributor</b>: <a href="Practitioner-AnikaMueller.html">Practitioner/AnikaMueller</a> &quot; MUELLER&quot;</p><p><b>affiliation</b>: <span>: Department of Anesthesiology and Intensive Care Medicine, Charité-Universitätsmedizin Berlin, Corporate Member of Freie Universität Berlin, and Humboldt Universität zu Berlin, Campus Charité Mitte, and Campus Virchow Klinikum</span></p></blockquote><blockquote><p><b>entry</b></p><p><b>contributor</b>: <a href="Practitioner-BrunoNeuner.html">Practitioner/BrunoNeuner</a> &quot; NEUNER&quot;</p><p><b>affiliation</b>: <span>: Department of Anesthesiology and Intensive Care Medicine, Charité-Universitätsmedizin Berlin, Corporate Member of Freie Universität Berlin, and Humboldt Universität zu Berlin, Campus Charité Mitte, and Campus Virchow Klinikum</span></p></blockquote><blockquote><p><b>entry</b></p><p><b>contributor</b>: <a href="Practitioner-SimonePiva.html">Practitioner/SimonePiva</a> &quot; PIVA&quot;</p><p><b>affiliation</b>: </p><ul><li><span>: Department of Medical and Surgical Specialties, Radiological Sciences and Public Health, University of Brescia</span></li><li><span>: Department of Anesthesia, Critical Care and Emergency, Spedali Civili University Hospital, Brescia, Italy</span></li></ul></blockquote><blockquote><p><b>entry</b></p><p><b>contributor</b>: <a href="Practitioner-FinnRadtke.html">Practitioner/FinnRadtke</a> &quot; RADTKE&quot;</p><p><b>affiliation</b>: <span>: Department of Anaesthesia and Intensive Care, Nykoebing Hospital; University of Southern Denmark, SDU</span></p></blockquote><blockquote><p><b>entry</b></p><p><b>contributor</b>: <a href="Practitioner-AnnikaReintamBlaser.html">Practitioner/AnnikaReintamBlaser</a> &quot; REINTAM BLASER&quot;</p><p><b>affiliation</b>: </p><ul><li><span>: Department of Anaesthesiology and Intensive Care, University of Tartu, Tartu, Estonia</span></li><li><span>: Center for Intensive Care Medicine, Luzerner Kantonsspital, Lucerne, Switzerland</span></li></ul></blockquote><blockquote><p><b>entry</b></p><p><b>contributor</b>: <a href="Practitioner-StefaniaRenzi.html">Practitioner/StefaniaRenzi</a> &quot; RENZI&quot;</p><p><b>affiliation</b>: <span>: Department of Medical and Surgical Specialties, Radiological Sciences and Public Health, University of Brescia</span></p></blockquote><blockquote><p><b>entry</b></p><p><b>contributor</b>: <a href="Practitioner-StefanoRomagnoli.html">Practitioner/StefanoRomagnoli</a> &quot; ROMAGNOLI&quot;</p><p><b>affiliation</b>: <span>: Department of Health Science, Section of Anesthesiology, University of Florence; Department of Anaesthesia and Critical Care, Azienda Ospedaliero-Universitaria Careggi, Florence, Italy</span></p></blockquote><blockquote><p><b>entry</b></p><p><b>contributor</b>: <a href="Practitioner-MariaSchubert.html">Practitioner/MariaSchubert</a> &quot; SCHUBERT&quot;</p><p><b>affiliation</b>: <span>: School of Health Sciences, Institute of Nursing, ZHAW Zurich University of Applied Science, Winterthur, Switzerland</span></p></blockquote><blockquote><p><b>entry</b></p><p><b>contributor</b>: <a href="Practitioner-ArjenSlooter.html">Practitioner/ArjenSlooter</a> &quot; SLOOTER&quot;</p><p><b>affiliation</b>: <span>: Departments of Psychiatry and Intensive Care Medicine, UMC Utrecht Brain Center, University Medical Center Utrecht, Utrecht University, Utrecht, the Netherlands and Department of Neurology, UZ Brussel and Vrije Universiteit Brussel, Brussels, Belgium</span></p></blockquote><blockquote><p><b>entry</b></p><p><b>contributor</b>: <a href="Practitioner-ClaudiaSpies.html">Practitioner/ClaudiaSpies</a> &quot; SPIES&quot;</p><p><b>affiliation</b>: <span>: Department of Anesthesiology and Intensive Care Medicine, Charité-Universitätsmedizin Berlin, Corporate Member of Freie Universität Berlin, and Humboldt Universität zu Berlin, Campus Charité Mitte, and Campus Virchow Klinikum</span></p></blockquote><blockquote><p><b>entry</b></p><p><b>contributor</b>: <a href="Practitioner-ConcezioneTommasino.html">Practitioner/ConcezioneTommasino</a> &quot; TOMMASINO&quot;</p><p><b>affiliation</b>: <span>: Dental Anesthesia and Intensive Care Unit, Polo Universitario Ospedale San Paolo, Department of Biomedical, Surgical and Odontoiatric Sciences, University of Milano, Milano, Italy</span></p></blockquote><blockquote><p><b>entry</b></p><p><b>contributor</b>: <a href="Practitioner-LisaVasiljewa.html">Practitioner/LisaVasiljewa</a> &quot; VASILJEWA&quot;</p><p><b>affiliation</b>: <span>: Department of Anesthesiology and Intensive Care Medicine, Charité-Universitätsmedizin Berlin, Corporate Member of Freie Universität Berlin, and Humboldt Universität zu Berlin, Campus Charité Mitte, and Campus Virchow Klinikum</span></p></blockquote><blockquote><p><b>entry</b></p><p><b>contributor</b>: <a href="Practitioner-BjoernWeiss.html">Practitioner/BjoernWeiss</a> &quot; WEISS&quot;</p><p><b>affiliation</b>: <span>: Department of Anesthesiology and Intensive Care Medicine, Charité-Universitätsmedizin Berlin, Corporate Member of Freie Universität Berlin, and Humboldt Universität zu Berlin, Campus Charité Mitte, and Campus Virchow Klinikum</span></p></blockquote><blockquote><p><b>entry</b></p><p><b>contributor</b>: <a href="Practitioner-FatimaYuerek.html">Practitioner/FatimaYuerek</a> &quot; YÜREK&quot;</p><p><b>affiliation</b>: <span>: Department of Anesthesiology and Intensive Care Medicine, Charité-Universitätsmedizin Berlin, Corporate Member of Freie Universität Berlin, and Humboldt Universität zu Berlin, Campus Charité Mitte, and Campus Virchow Klinikum</span></p></blockquote></blockquote></blockquote></div>
  </text>
  <version value="0.2.0"/>
  <name value="Recommendation0_2PostOperativeScreeningOfDelirium"/>
  <title value="RRecommendation 0.2: Postoperative screening of delirium"/>
  <status value="draft"/>
  <date value="2024-04"/>
  <citedArtifact>
    <identifier>
      <value value="37599617-rec0.2"/>
    </identifier>
    <version>
      <value value="1.0"/>
    </version>
    <currentState>
      <coding>
        <system value="http://hl7.org/fhir/cited-artifact-status-type"/>
        <code value="published-final-form"/>
        <display value="Published final form"/>
      </coding>
    </currentState>
    <title>
      <type>
        <coding>
          <system value="http://hl7.org/fhir/title-type"/>
          <code value="primary"/>
          <display value="Primary title"/>
        </coding>
      </type>
      <language>
        <coding>
          <system value="urn:ietf:bcp:47"/>
          <code value="en"/>
        </coding>
      </language>
      <text value="Recommendation 0.2"/>
    </title>
    <part>
      <type>
        <coding>
          <system value="http://hl7.org/fhir/cited-artifact-part-type"/>
          <code value="paragraphs"/>
          <display value="paragraphs"/>
        </coding>
      </type>
      <value value="Delirium should be screened at least once per day (preferably two or three times per day) for at least 3 days, starting in the recovery room or in the PACU on the day of surgery or latest on postoperative day 1."/>
    </part>
    <relatesTo>
      <type value="contained-in"/>
      <resource value="https://www.netzwerk-universitaetsmedizin.de/fhir/cpg-on-ebmonfhir/example/Citation/ClinicalPracticeGuidelineESAICOnPostOpDeliriumInAdultPatients"/>
    </relatesTo>
    <classification>
      <type>
        <coding>
          <system value="http://hl7.org/fhir/cited-artifact-classification-type"/>
          <code value="publication-type"/>
          <display value="Publication Type"/>
        </coding>
      </type>
      <classifier>
        <coding>
          <system value="https://www.netzwerk-universitaetsmedizin.de/fhir/cpg-on-ebm-on-fhir/CodeSystem/ceosys-code-system"/>
          <code value="guideline-recommendation"/>
          <display value="Clinical practice guideline recommendation"/>
        </coding>
      </classifier>
    </classification>
    <contributorship>
      <entry>
        <contributor>
          <reference value="Practitioner/CesarAldecoa"/>
        </contributor>
        <affiliation>
          <display value="Department of Anaesthesia and Postoperative Critical Care, Hospital Universitario Rio Hortega, Valladolid, Spain"/>
        </affiliation>
      </entry>
      <entry>
        <contributor>
          <reference value="Practitioner/GabriellaBettelli"/>
        </contributor>
        <affiliation>
          <display value="Department of Biomedical Studies, University of the Republic of San Marino, San Marino"/>
        </affiliation>
      </entry>
      <entry>
        <contributor>
          <reference value="Practitioner/FedericoBilotta"/>
        </contributor>
        <affiliation>
          <display value="Department of Anesthesiology, Critical Care and Pain Medicine, 'Sapienza' University of Rome, Rome, Italy"/>
        </affiliation>
      </entry>
      <entry>
        <contributor>
          <reference value="Practitioner/RobertSanders"/>
        </contributor>
        <affiliation>
          <display value="Specialty of Anaesthetics &amp; NHMRC Clinical Trials Centre, University of Sydney &amp; Department of Anaesthetics and Institute of Academic Surgery, Royal Prince Alfred Hospital"/>
        </affiliation>
      </entry>
      <entry>
        <contributor>
          <reference value="Practitioner/PaolaAceto"/>
        </contributor>
        <affiliation>
          <display value="Dipartimento di Scienze dell'Emergenza, Anestesiologiche e della Rianimazione, Fondazione Policlinico Universitario A. Gemelli IRCCS, Rome, Italy"/>
        </affiliation>
        <affiliation>
          <display value="Dipartimento di Scienze Biotecnologiche di Base, Cliniche Intensivologiche e Perioperatorie, Università Cattolica del Sacro Cuore, Rome, Italy"/>
        </affiliation>
      </entry>
      <entry>
        <contributor>
          <reference value="Practitioner/RiccardoAudisio"/>
        </contributor>
        <affiliation>
          <display value="Department of Surgery, Institute of Clinical Sciences, Sahlgrenska University Hospital, Göteborg, Sweden"/>
        </affiliation>
      </entry>
      <entry>
        <contributor>
          <reference value="Practitioner/AntonioCherubini"/>
        </contributor>
        <affiliation>
          <display value="Geriatria, Accettazione Geriatrica e Centro di ricerca per l'invecchiamento, IRCCS INRCA, Ancona, Italy"/>
        </affiliation>
      </entry>
      <entry>
        <contributor>
          <reference value="Practitioner/ColmCunningham"/>
        </contributor>
        <affiliation>
          <display value="School of Biochemistry and Immunology and Trinity College Institute of Neuroscience, Trinity College, Dublin, Ireland"/>
        </affiliation>
      </entry>
      <entry>
        <contributor>
          <reference value="Practitioner/WojciechDabrowski"/>
        </contributor>
        <affiliation>
          <display value="First Department of Anaesthesiology and Intensive Care Medical University of Lublin, Poland"/>
        </affiliation>
      </entry>
      <entry>
        <contributor>
          <reference value="Practitioner/AliForookhi"/>
        </contributor>
        <affiliation>
          <display value="Department of Anesthesiology, Critical Care and Pain Medicine, 'Sapienza' University of Rome, Rome, Italy"/>
        </affiliation>
      </entry>
      <entry>
        <contributor>
          <reference value="Practitioner/NicolaGitti"/>
        </contributor>
        <affiliation>
          <display value="Department of Medical and Surgical Specialties, Radiological Sciences and Public Health, University of Brescia"/>
        </affiliation>
      </entry>
      <entry>
        <contributor>
          <reference value="Practitioner/KatiImmonen"/>
        </contributor>
        <affiliation>
          <display value="Research Unit of Nursing Science and Health Management, University of Oulu, Oulu, Finland"/>
        </affiliation>
      </entry>
      <entry>
        <contributor>
          <reference value="Practitioner/HenrikKehlet"/>
        </contributor>
        <affiliation>
          <display value="Section of Surgical Pathophysiology, Copenhagen University Hospital, Rigshospitalet, Copenhagen, Denmark"/>
        </affiliation>
      </entry>
      <entry>
        <contributor>
          <reference value="Practitioner/SusanneKoch"/>
        </contributor>
        <affiliation>
          <display value="Department of Anesthesiology and Intensive Care Medicine, Charité-Universitätsmedizin Berlin, Corporate Member of Freie Universität Berlin, and Humboldt Universität zu Berlin, Campus Charité Mitte, and Campus Virchow Klinikum"/>
        </affiliation>
      </entry>
      <entry>
        <contributor>
          <reference value="Practitioner/KatarzynaKotfis"/>
        </contributor>
        <affiliation>
          <display value="Department of Anesthesiology, Intensive Therapy and Acute Intoxications, Pomeranian Medical University in Szczecin, Poland"/>
        </affiliation>
      </entry>
      <entry>
        <contributor>
          <reference value="Practitioner/NicolaLatronico"/>
        </contributor>
        <affiliation>
          <display value="Department of Medical and Surgical Specialties, Radiological Sciences and Public Health, University of Brescia"/>
        </affiliation>
        <affiliation>
          <display value="Department of Anesthesia, Critical Care and Emergency, Spedali Civili University Hospital, Brescia, Italy"/>
        </affiliation>
      </entry>
      <entry>
        <contributor>
          <reference value="Practitioner/AlasdairMacLullich"/>
        </contributor>
        <affiliation>
          <display value="Edinburgh Delirium Research Group, Ageing and Health, Usher Institute, University of Edinburgh, Edinburgh, United Kingdom"/>
        </affiliation>
      </entry>
      <entry>
        <contributor>
          <reference value="Practitioner/LiorMevorach"/>
        </contributor>
        <affiliation>
          <display value="Department of Anesthesiology, Critical Care and Pain Medicine, 'Sapienza' University of Rome, Rome, Italy"/>
        </affiliation>
      </entry>
      <entry>
        <contributor>
          <reference value="Practitioner/AnikaMueller"/>
        </contributor>
        <affiliation>
          <display value="Department of Anesthesiology and Intensive Care Medicine, Charité-Universitätsmedizin Berlin, Corporate Member of Freie Universität Berlin, and Humboldt Universität zu Berlin, Campus Charité Mitte, and Campus Virchow Klinikum"/>
        </affiliation>
      </entry>
      <entry>
        <contributor>
          <reference value="Practitioner/BrunoNeuner"/>
        </contributor>
        <affiliation>
          <display value="Department of Anesthesiology and Intensive Care Medicine, Charité-Universitätsmedizin Berlin, Corporate Member of Freie Universität Berlin, and Humboldt Universität zu Berlin, Campus Charité Mitte, and Campus Virchow Klinikum"/>
        </affiliation>
      </entry>
      <entry>
        <contributor>
          <reference value="Practitioner/SimonePiva"/>
        </contributor>
        <affiliation>
          <display value="Department of Medical and Surgical Specialties, Radiological Sciences and Public Health, University of Brescia"/>
        </affiliation>
        <affiliation>
          <display value="Department of Anesthesia, Critical Care and Emergency, Spedali Civili University Hospital, Brescia, Italy"/>
        </affiliation>
      </entry>
      <entry>
        <contributor>
          <reference value="Practitioner/FinnRadtke"/>
        </contributor>
        <affiliation>
          <display value="Department of Anaesthesia and Intensive Care, Nykoebing Hospital; University of Southern Denmark, SDU"/>
        </affiliation>
      </entry>
      <entry>
        <contributor>
          <reference value="Practitioner/AnnikaReintamBlaser"/>
        </contributor>
        <affiliation>
          <display value="Department of Anaesthesiology and Intensive Care, University of Tartu, Tartu, Estonia"/>
        </affiliation>
        <affiliation>
          <display value="Center for Intensive Care Medicine, Luzerner Kantonsspital, Lucerne, Switzerland"/>
        </affiliation>
      </entry>
      <entry>
        <contributor>
          <reference value="Practitioner/StefaniaRenzi"/>
        </contributor>
        <affiliation>
          <display value="Department of Medical and Surgical Specialties, Radiological Sciences and Public Health, University of Brescia"/>
        </affiliation>
      </entry>
      <entry>
        <contributor>
          <reference value="Practitioner/StefanoRomagnoli"/>
        </contributor>
        <affiliation>
          <display value="Department of Health Science, Section of Anesthesiology, University of Florence; Department of Anaesthesia and Critical Care, Azienda Ospedaliero-Universitaria Careggi, Florence, Italy"/>
        </affiliation>
      </entry>
      <entry>
        <contributor>
          <reference value="Practitioner/MariaSchubert"/>
        </contributor>
        <affiliation>
          <display value="School of Health Sciences, Institute of Nursing, ZHAW Zurich University of Applied Science, Winterthur, Switzerland"/>
        </affiliation>
      </entry>
      <entry>
        <contributor>
          <reference value="Practitioner/ArjenSlooter"/>
        </contributor>
        <affiliation>
          <display value="Departments of Psychiatry and Intensive Care Medicine, UMC Utrecht Brain Center, University Medical Center Utrecht, Utrecht University, Utrecht, the Netherlands and Department of Neurology, UZ Brussel and Vrije Universiteit Brussel, Brussels, Belgium"/>
        </affiliation>
      </entry>
      <entry>
        <contributor>
          <reference value="Practitioner/ClaudiaSpies"/>
        </contributor>
        <affiliation>
          <display value="Department of Anesthesiology and Intensive Care Medicine, Charité-Universitätsmedizin Berlin, Corporate Member of Freie Universität Berlin, and Humboldt Universität zu Berlin, Campus Charité Mitte, and Campus Virchow Klinikum"/>
        </affiliation>
      </entry>
      <entry>
        <contributor>
          <reference value="Practitioner/ConcezioneTommasino"/>
        </contributor>
        <affiliation>
          <display value="Dental Anesthesia and Intensive Care Unit, Polo Universitario Ospedale San Paolo, Department of Biomedical, Surgical and Odontoiatric Sciences, University of Milano, Milano, Italy"/>
        </affiliation>
      </entry>
      <entry>
        <contributor>
          <reference value="Practitioner/LisaVasiljewa"/>
        </contributor>
        <affiliation>
          <display value="Department of Anesthesiology and Intensive Care Medicine, Charité-Universitätsmedizin Berlin, Corporate Member of Freie Universität Berlin, and Humboldt Universität zu Berlin, Campus Charité Mitte, and Campus Virchow Klinikum"/>
        </affiliation>
      </entry>
      <entry>
        <contributor>
          <reference value="Practitioner/BjoernWeiss"/>
        </contributor>
        <affiliation>
          <display value="Department of Anesthesiology and Intensive Care Medicine, Charité-Universitätsmedizin Berlin, Corporate Member of Freie Universität Berlin, and Humboldt Universität zu Berlin, Campus Charité Mitte, and Campus Virchow Klinikum"/>
        </affiliation>
      </entry>
      <entry>
        <contributor>
          <reference value="Practitioner/FatimaYuerek"/>
        </contributor>
        <affiliation>
          <display value="Department of Anesthesiology and Intensive Care Medicine, Charité-Universitätsmedizin Berlin, Corporate Member of Freie Universität Berlin, and Humboldt Universität zu Berlin, Campus Charité Mitte, and Campus Virchow Klinikum"/>
        </affiliation>
      </entry>
    </contributorship>
  </citedArtifact>
</Citation>