<?xml version="1.0" encoding="UTF-8"?>

<ConceptMap xmlns="http://hl7.org/fhir">
  <id value="DIGIPODtoStandardizedVocabularies"/>
  <text>
    <status value="extensions"/><div xmlns="http://www.w3.org/1999/xhtml"><p>Mapping from (not specified) to (not specified)</p><p>DRAFT. Published on 2024-05-14 12:39:53+0000 by Charité - Universitätsmedizin Berlin . </p><br/><p><b>Group 1 </b>Mapping from <a href="CodeSystem-digipod.html">DIGIPOD</a> to <code>http://snomed.info/sct/900000000000207008</code></p><table class="grid"><tr><td><b>Source Code</b></td><td><b>Relationship</b></td><td><b>Target Code</b></td></tr><tr><td>001 (N5 elektiv)</td><td><a href="http://hl7.org/fhir/R5/codesystem-concept-map-relationship.html#equivalent" title="equivalent">is equivalent to</a></td><td>103390000 (Elective (qualifier value))</td></tr><tr><td>002 (N4 innerhalb 12-24 h)</td><td><a href="http://hl7.org/fhir/R5/codesystem-concept-map-relationship.html#source-is-broader-than-target" title="source-is-broader-than-target">is broader than</a></td><td>88694003 (Immediate (qualifier value))</td></tr><tr><td>003 (N3 innerhalb 6-12 h)</td><td><a href="http://hl7.org/fhir/R5/codesystem-concept-map-relationship.html#source-is-broader-than-target" title="source-is-broader-than-target">is broader than</a></td><td>394849002 (High priority (qualifier value))</td></tr><tr><td>004 (N2 innerhalb 1-6 h)</td><td><a href="http://hl7.org/fhir/R5/codesystem-concept-map-relationship.html#source-is-broader-than-target" title="source-is-broader-than-target">is broader than</a></td><td>25876001 (Emergency (qualifier value))</td></tr><tr><td>005 (N1 innerhalb 1 h)</td><td><a href="http://hl7.org/fhir/R5/codesystem-concept-map-relationship.html#source-is-broader-than-target" title="source-is-broader-than-target">is broader than</a></td><td>103391001 (Urgency (qualifier value))</td></tr><tr><td>006 (N0 sofort)</td><td><a href="http://hl7.org/fhir/R5/codesystem-concept-map-relationship.html#source-is-broader-than-target" title="source-is-broader-than-target">is broader than</a></td><td>88694003 (Immediate (qualifier value))</td></tr></table><hr/><p><b>Group 2 </b>Mapping from <a href="CodeSystem-digipod.html">DIGIPOD</a> to <code>unspecified code system</code></p><table class="grid"><tr><td colspan="2"><b>Source Concept Details</b></td><td><b>Relationship</b></td><td colspan="2"><b>Target Concept Details</b></td><td colspan="2"><b>Properties</b></td></tr><tr><td colspan="2"><b>Codes</b> from <a href="CodeSystem-digipod.html" title="https://www.charite.de/fhir/digipod/CodeSystem/digipod">DIGIPOD</a></td><td/><td colspan="2"><b>Codes</b> from </td></tr><tr><td style="border-right-width: 0px; border-bottom-style: none">025</td><td style="border-left-width: 0px; border-bottom-style: none">Day shift</td><td><a href="http://hl7.org/fhir/R5/codesystem-concept-map-relationship.html#related-to" title="related-to">is related to</a></td><td style="border-right-width: 0px">LA14948-6</td><td style="border-left-width: 0px">Day shift (approx. 7am- 3pm)</td></tr><tr><td style="border-right-width: 0px; border-top-style: none"/><td style="border-top-style: none; border-left-width: 0px"/><td><a href="http://hl7.org/fhir/R5/codesystem-concept-map-relationship.html#related-to" title="related-to">is related to</a></td><td style="border-right-width: 0px">MORN</td><td style="border-left-width: 0px">Morning</td></tr><tr><td style="border-right-width: 0px; border-bottom-style: none">026</td><td style="border-left-width: 0px; border-bottom-style: none">Evening shift</td><td><a href="http://hl7.org/fhir/R5/codesystem-concept-map-relationship.html#related-to" title="related-to">is related to</a></td><td style="border-right-width: 0px">LA14949-4</td><td style="border-left-width: 0px">Evening shift (approx. 3pm- 11pm)</td></tr><tr><td style="border-right-width: 0px; border-top-style: none"/><td style="border-top-style: none; border-left-width: 0px"/><td><a href="http://hl7.org/fhir/R5/codesystem-concept-map-relationship.html#related-to" title="related-to">is related to</a></td><td style="border-right-width: 0px">AFT</td><td style="border-left-width: 0px">Afternoon</td></tr><tr><td style="border-right-width: 0px; border-bottom-style: none">027</td><td style="border-left-width: 0px; border-bottom-style: none">Night shift</td><td><a href="http://hl7.org/fhir/R5/codesystem-concept-map-relationship.html#related-to" title="related-to">is related to</a></td><td style="border-right-width: 0px">LA14950-2</td><td style="border-left-width: 0px">Night shift (approx. 11pm- 7am)</td></tr><tr><td style="border-right-width: 0px; border-top-style: none"/><td style="border-top-style: none; border-left-width: 0px"/><td><a href="http://hl7.org/fhir/R5/codesystem-concept-map-relationship.html#related-to" title="related-to">is related to</a></td><td style="border-right-width: 0px">NIGHT</td><td style="border-left-width: 0px">Night</td></tr></table></div>
  </text>
  <url value="https://www.charite.de/fhir/digipod/ConceptMap/DIGIPODtoStandardizedVocabularies"/>
  <version value="0.0.1"/>
  <status value="draft"/>
  <date value="2024-05-14T12:39:53+00:00"/>
  <publisher value="Charité - Universitätsmedizin Berlin"/>
  <group>
    <source value="https://www.charite.de/fhir/digipod/CodeSystem/digipod"/>
    <target value="http://snomed.info/sct/900000000000207008"/>
    <element>
      <code value="001"/>
      <display value="N5 elektiv"/>
      <target>
        <code value="103390000"/>
        <display value="Elective (qualifier value)"/>
        <relationship value="equivalent"/>
      </target>
    </element>
    <element>
      <code value="002"/>
      <display value="N4 innerhalb 12-24 h"/>
      <target>
        <code value="88694003"/>
        <display value="Immediate (qualifier value)"/>
        <relationship value="source-is-broader-than-target"/>
      </target>
    </element>
    <element>
      <code value="003"/>
      <display value="N3 innerhalb 6-12 h"/>
      <target>
        <code value="394849002"/>
        <display value="High priority (qualifier value)"/>
        <relationship value="source-is-broader-than-target"/>
      </target>
    </element>
    <element>
      <code value="004"/>
      <display value="N2 innerhalb 1-6 h"/>
      <target>
        <code value="25876001"/>
        <display value="Emergency (qualifier value)"/>
        <relationship value="source-is-broader-than-target"/>
      </target>
    </element>
    <element>
      <code value="005"/>
      <display value="N1 innerhalb 1 h"/>
      <target>
        <code value="103391001"/>
        <display value="Urgency (qualifier value)"/>
        <relationship value="source-is-broader-than-target"/>
      </target>
    </element>
    <element>
      <code value="006"/>
      <display value="N0 sofort"/>
      <target>
        <code value="88694003"/>
        <display value="Immediate (qualifier value)"/>
        <relationship value="source-is-broader-than-target"/>
      </target>
    </element>
  </group>
  <group>
    <source value="https://www.charite.de/fhir/digipod/CodeSystem/digipod"/>
    <element>
      <code value="025"/>
      <display value="Day shift"/>
      <target>
        <code value="LA14948-6"/>
        <display value="Day shift (approx. 7am- 3pm)"/>
        <relationship value="related-to"/>
      </target>
      <target>
        <code value="MORN"/>
        <display value="Morning"/>
        <relationship value="related-to"/>
      </target>
    </element>
    <element>
      <code value="026"/>
      <display value="Evening shift"/>
      <target>
        <code value="LA14949-4"/>
        <display value="Evening shift (approx. 3pm- 11pm)"/>
        <relationship value="related-to"/>
      </target>
      <target>
        <code value="AFT"/>
        <display value="Afternoon"/>
        <relationship value="related-to"/>
      </target>
    </element>
    <element>
      <code value="027"/>
      <display value="Night shift"/>
      <target>
        <code value="LA14950-2"/>
        <display value="Night shift (approx. 11pm- 7am)"/>
        <relationship value="related-to"/>
      </target>
      <target>
        <code value="NIGHT"/>
        <display value="Night"/>
        <relationship value="related-to"/>
      </target>
    </element>
  </group>
</ConceptMap>