<?xml version="1.0" encoding="UTF-8"?>

<EvidenceVariable xmlns="http://hl7.org/fhir">
  <id value="PopAdultPatientsPreoperativelyGeneralOnSurgeryDayAndBefore"/>
  <meta>
    <profile value="https://www.netzwerk-universitaetsmedizin.de/fhir/cpg-on-ebm-on-fhir/StructureDefinition/recommendation-eligibility-criteria"/>
  </meta>
  <text>
    <status value="generated"/><div xmlns="http://www.w3.org/1999/xhtml"><p><b>Generated Narrative: EvidenceVariable</b><a name="PopAdultPatientsPreoperativelyGeneralOnSurgeryDayAndBefore"> </a><a name="hcPopAdultPatientsPreoperativelyGeneralOnSurgeryDayAndBefore"> </a></p><div style="display: inline-block; background-color: #d9e0e7; padding: 6px; margin: 4px; border: 1px solid #8da1b4; border-radius: 5px; line-height: 60%"><p style="margin-bottom: 0px">ResourceEvidenceVariable &quot;PopAdultPatientsPreoperativelyGeneralOnSurgeryDayAndBefore&quot; </p><p style="margin-bottom: 0px">Profile: <a href="file:///github/workspace/output/StructureDefinition-recommendation-eligibility-criteria.html">Recommendation Eligibility Criteria</a></p></div><p><b>url</b>: <code>https://www.netzwerk-universitaetsmedizin.de/fhir/cpg-on-ebmonfhir/example/EvidenceVariable/PopAdultPatientsPreoperativelyGeneralOnSurgeryDayAndBefore</code></p><p><b>version</b>: 0.2.0</p><p><b>name</b>: PopAdultPatientsPreoperativelyGeneralOnSurgeryDayAndBefore</p><p><b>title</b>: Population: General Adult Surgical Patients Preoperatively on Surgery Day and Before</p><p><b>status</b>: draft</p><p><b>date</b>: 2024-04</p><p><b>description</b>: Population for guideline 0.1 from https://pubmed.ncbi.nlm.nih.gov/37599617/: Adult patients, preoperatively, on the day of the surgical intervention or maximum 42 days before</p><blockquote><p><b>characteristic</b></p><p><b>exclude</b>: false</p><blockquote><p><b>definitionByCombination</b></p><p><b>code</b>: all-of</p><blockquote><p><b>characteristic</b></p><p><b>exclude</b>: false</p><blockquote><p><b>definitionByTypeAndValue</b></p></blockquote></blockquote><blockquote><p><b>characteristic</b></p><p><b>exclude</b>: false</p><blockquote><p><b>definitionByTypeAndValue</b></p></blockquote></blockquote><blockquote><p><b>characteristic</b></p><p><b>exclude</b>: false</p><blockquote><p><b>definitionByCombination</b></p></blockquote></blockquote></blockquote><h3>TimeFromEvents</h3><table class="grid"><tr><td style="display: none">-</td><td><b>Description</b></td><td><b>Event[x]</b></td><td><b>Range</b></td></tr><tr><td style="display: none">*</td><td>Preoperatively - Maximum 42 days before the surgery or before the end of the surgery</td><td>Completion time of procedure (observable entity) <span style="background: LightGoldenRodYellow; margin: 4px; border: 1px solid khaki"> (<a href="https://browser.ihtsdotools.org/">SNOWMED CT</a>#442137000)</span></td><td>-1032-0 hour</td></tr></table></blockquote></div>
  </text>
  <url value="https://www.netzwerk-universitaetsmedizin.de/fhir/cpg-on-ebmonfhir/example/EvidenceVariable/PopAdultPatientsPreoperativelyGeneralOnSurgeryDayAndBefore"/>
  <version value="0.2.0"/>
  <name value="PopAdultPatientsPreoperativelyGeneralOnSurgeryDayAndBefore"/>
  <title value="Population: General Adult Surgical Patients Preoperatively on Surgery Day and Before"/>
  <status value="draft"/>
  <date value="2024-04"/>
  <description value="Population for guideline 0.1 from https://pubmed.ncbi.nlm.nih.gov/37599617/: Adult patients, preoperatively, on the day of the surgical intervention or maximum 42 days before"/>
  <characteristic>
    <exclude value="false"/>
    <definitionByCombination>
      <code value="all-of"/>
      <characteristic>
        <exclude value="false"/>
        <definitionByTypeAndValue>
          <type>
            <coding>
              <system value="http://snomed.info/sct"/>
              <code value="424144002"/>
              <display value="Current chronological age (observable entity)"/>
            </coding>
          </type>
          <valueRange>
            <low>
              <value value="18"/>
              <unit value="years"/>
              <system value="http://unitsofmeasure.org"/>
              <code value="a"/>
            </low>
          </valueRange>
        </definitionByTypeAndValue>
      </characteristic>
      <characteristic>
        <exclude value="false"/>
        <definitionByTypeAndValue>
          <type>
            <coding>
              <system value="http://snomed.info/sct"/>
              <code value="71388002"/>
              <display value="Procedure (procedure)"/>
            </coding>
          </type>
          <valueCodeableConcept>
            <coding>
              <system value="http://snomed.info/sct"/>
              <code value="387713003"/>
              <display value="Surgical procedure (procedure)"/>
            </coding>
          </valueCodeableConcept>
        </definitionByTypeAndValue>
      </characteristic>
      <characteristic>
        <exclude value="false"/>
        <definitionByCombination>
          <code value="any-of"/>
          <characteristic>
            <definitionByTypeAndValue>
              <type>
                <coding>
                  <system value="http://loinc.org"/>
                  <code value="78030-4"/>
                  <display value="Episode of care Type"/>
                </coding>
              </type>
              <valueCodeableConcept>
                <coding>
                  <system value="http://fhir.de/CodeSystem/kontaktart-de"/>
                  <code value="vorstationaer"/>
                  <display value="Vorstationär"/>
                </coding>
              </valueCodeableConcept>
            </definitionByTypeAndValue>
          </characteristic>
          <characteristic>
            <definitionByTypeAndValue>
              <type>
                <coding>
                  <system value="http://loinc.org"/>
                  <code value="78030-4"/>
                  <display value="Episode of care Type"/>
                </coding>
              </type>
              <valueCodeableConcept>
                <coding>
                  <system value="http://fhir.de/CodeSystem/kontaktart-de"/>
                  <code value="normalstationaer"/>
                  <display value="Normalstationär"/>
                </coding>
              </valueCodeableConcept>
            </definitionByTypeAndValue>
          </characteristic>
        </definitionByCombination>
      </characteristic>
    </definitionByCombination>
    <timeFromEvent>
      <description value="Preoperatively - Maximum 42 days before the surgery or before the end of the surgery"/>
      <eventCodeableConcept>
        <coding>
          <system value="http://snomed.info/sct"/>
          <code value="442137000"/>
          <display value="Completion time of procedure (observable entity)"/>
        </coding>
      </eventCodeableConcept>
      <range>
        <low>
          <value value="-1032"/>
          <unit value="hour"/>
          <system value="http://unitsofmeasure.org"/>
          <code value="h"/>
        </low>
        <high>
          <value value="0"/>
          <unit value="hour"/>
          <system value="http://unitsofmeasure.org"/>
          <code value="h"/>
        </high>
      </range>
    </timeFromEvent>
  </characteristic>
</EvidenceVariable>