<?xml version="1.0" encoding="UTF-8"?>

<EvidenceVariable xmlns="http://hl7.org/fhir">
  <id value="PopAdultPatientsAtRiskForPOD"/>
  <meta>
    <profile value="https://www.netzwerk-universitaetsmedizin.de/fhir/cpg-on-ebm-on-fhir/StructureDefinition/recommendation-eligibility-criteria"/>
  </meta>
  <text>
    <status value="generated"/><div xmlns="http://www.w3.org/1999/xhtml"><p><b>Generated Narrative: EvidenceVariable</b><a name="PopAdultPatientsAtRiskForPOD"> </a><a name="hcPopAdultPatientsAtRiskForPOD"> </a></p><div style="display: inline-block; background-color: #d9e0e7; padding: 6px; margin: 4px; border: 1px solid #8da1b4; border-radius: 5px; line-height: 60%"><p style="margin-bottom: 0px">ResourceEvidenceVariable &quot;PopAdultPatientsAtRiskForPOD&quot; </p><p style="margin-bottom: 0px">Profile: <a href="file:///github/workspace/output/StructureDefinition-recommendation-eligibility-criteria.html">Recommendation Eligibility Criteria</a></p></div><p><b>url</b>: <code>https://www.netzwerk-universitaetsmedizin.de/fhir/cpg-on-ebmonfhir/example/EvidenceVariable/PopAdultPatientsAtRiskForPOD</code></p><p><b>version</b>: 0.2.0</p><p><b>name</b>: PopAdultPatientsAtRiskForPOD</p><p><b>title</b>: Population: Adult Surgical Patients Preoperative at Risk for POD</p><p><b>status</b>: draft</p><p><b>date</b>: 2024-02</p><p><b>description</b>: Population for guideline 4.1 from https://pubmed.ncbi.nlm.nih.gov/37599617/: Adult patients, preoperative, being at risk for postoperative delirium</p><blockquote><p><b>characteristic</b></p><p><b>exclude</b>: false</p><blockquote><p><b>definitionByCombination</b></p><p><b>code</b>: all-of</p><blockquote><p><b>characteristic</b></p><p><b>exclude</b>: false</p><blockquote><p><b>definitionByCombination</b></p></blockquote></blockquote><blockquote><p><b>characteristic</b></p><blockquote><p><b>definitionByCombination</b></p></blockquote></blockquote></blockquote><h3>TimeFromEvents</h3><table class="grid"><tr><td style="display: none">-</td><td><b>Description</b></td><td><b>Event[x]</b></td><td><b>Range</b></td></tr><tr><td style="display: none">*</td><td>preoperative</td><td>Date of surgical procedure <span style="background: LightGoldenRodYellow; margin: 4px; border: 1px solid khaki"> (<a href="CodeSystem-digipod.html">DIGIPOD</a>#007)</span></td><td>-1008--2 hour</td></tr></table></blockquote></div>
  </text>
  <url value="https://www.netzwerk-universitaetsmedizin.de/fhir/cpg-on-ebmonfhir/example/EvidenceVariable/PopAdultPatientsAtRiskForPOD"/>
  <version value="0.2.0"/>
  <name value="PopAdultPatientsAtRiskForPOD"/>
  <title value="Population: Adult Surgical Patients Preoperative at Risk for POD"/>
  <status value="draft"/>
  <date value="2024-02"/>
  <description value="Population for guideline 4.1 from https://pubmed.ncbi.nlm.nih.gov/37599617/: Adult patients, preoperative, being at risk for postoperative delirium"/>
  <characteristic>
    <exclude value="false"/>
    <definitionByCombination>
      <code value="all-of"/>
      <characteristic>
        <exclude value="false"/>
        <definitionByCombination>
          <code value="all-of"/>
          <characteristic>
            <exclude value="false"/>
            <definitionByTypeAndValue>
              <type>
                <coding>
                  <system value="http://snomed.info/sct"/>
                  <code value="71388002"/>
                  <display value="Procedure (procedure)"/>
                </coding>
              </type>
              <valueCodeableConcept>
                <coding>
                  <system value="http://snomed.info/sct"/>
                  <code value="387713003"/>
                  <display value="Surgical procedure (procedure)"/>
                </coding>
              </valueCodeableConcept>
            </definitionByTypeAndValue>
          </characteristic>
          <characteristic>
            <exclude value="false"/>
            <definitionByCombination>
              <code value="any-of"/>
              <characteristic>
                <definitionByTypeAndValue>
                  <type>
                    <coding>
                      <system value="http://snomed.info/sct"/>
                      <code value="272125009"/>
                      <display value="Priorities (qualifier value)"/>
                    </coding>
                  </type>
                  <valueCodeableConcept>
                    <coding>
                      <system value="http://snomed.info/sct"/>
                      <code value="103390000"/>
                      <display value="Elective (qualifier value)"/>
                    </coding>
                  </valueCodeableConcept>
                </definitionByTypeAndValue>
              </characteristic>
              <characteristic>
                <definitionByTypeAndValue>
                  <type>
                    <coding>
                      <system value="http://snomed.info/sct"/>
                      <code value="272125009"/>
                      <display value="Priorities (qualifier value)"/>
                    </coding>
                  </type>
                  <valueCodeableConcept>
                    <coding>
                      <system value="http://snomed.info/sct"/>
                      <code value="88694003"/>
                      <display value="Immediate (qualifier value)"/>
                    </coding>
                  </valueCodeableConcept>
                </definitionByTypeAndValue>
              </characteristic>
            </definitionByCombination>
          </characteristic>
        </definitionByCombination>
      </characteristic>
      <characteristic>
        <definitionByCombination>
          <code value="any-of"/>
          <characteristic>
            <exclude value="false"/>
            <definitionByTypeAndValue>
              <type>
                <coding>
                  <system value="http://snomed.info/sct"/>
                  <code value="424144002"/>
                  <display value="Current chronological age (observable entity)"/>
                </coding>
              </type>
              <valueRange>
                <low>
                  <value value="70"/>
                  <unit value="years"/>
                  <system value="http://unitsofmeasure.org"/>
                  <code value="a"/>
                </low>
                <high>
                  <value value="100"/>
                  <unit value="years"/>
                  <system value="http://unitsofmeasure.org"/>
                  <code value="a"/>
                </high>
              </valueRange>
            </definitionByTypeAndValue>
          </characteristic>
          <characteristic>
            <exclude value="false"/>
            <definitionByTypeAndValue>
              <type>
                <coding>
                  <system value="http://snomed.info/sct"/>
                  <code value="302132005"/>
                  <display value="American Society of Anesthesiologists physical status class (observable entity)"/>
                </coding>
              </type>
              <valueRange>
                <low>
                  <value value="3"/>
                </low>
                <high>
                  <value value="6"/>
                </high>
              </valueRange>
            </definitionByTypeAndValue>
          </characteristic>
          <characteristic>
            <exclude value="false"/>
            <definitionByTypeAndValue>
              <type>
                <coding>
                  <system value="https://www.charite.de/fhir/digipod/CodeSystem/digipod"/>
                  <code value="009"/>
                  <display value="Result of Charlson Comorbidity Index"/>
                </coding>
              </type>
              <valueRange>
                <low>
                  <value value="2"/>
                </low>
                <high>
                  <value value="29"/>
                </high>
              </valueRange>
            </definitionByTypeAndValue>
          </characteristic>
          <characteristic>
            <exclude value="false"/>
            <definitionByTypeAndValue>
              <type>
                <coding>
                  <system value="http://snomed.info/sct"/>
                  <code value="447316007"/>
                  <display value="Mini-mental state examination score (observable entity)"/>
                </coding>
              </type>
              <valueRange>
                <low>
                  <value value="0"/>
                </low>
                <high>
                  <value value="24"/>
                </high>
              </valueRange>
            </definitionByTypeAndValue>
          </characteristic>
          <characteristic>
            <exclude value="false"/>
            <definitionByTypeAndValue>
              <type>
                <coding>
                  <system value="http://snomed.info/sct"/>
                  <code value="1255891005"/>
                  <display value="Montreal Cognitive Assessment version 8.1 score (observable entity)"/>
                </coding>
              </type>
              <valueRange>
                <low>
                  <value value="0"/>
                </low>
                <high>
                  <value value="25"/>
                </high>
              </valueRange>
            </definitionByTypeAndValue>
          </characteristic>
          <characteristic>
            <exclude value="false"/>
            <definitionByTypeAndValue>
              <type>
                <coding>
                  <system value="https://www.charite.de/fhir/digipod/CodeSystem/digipod"/>
                  <code value="012"/>
                  <display value="Result of Addenbrooke cognitive examination revised"/>
                </coding>
              </type>
              <valueRange>
                <low>
                  <value value="0"/>
                </low>
                <high>
                  <value value="87"/>
                </high>
              </valueRange>
            </definitionByTypeAndValue>
          </characteristic>
        </definitionByCombination>
      </characteristic>
    </definitionByCombination>
    <timeFromEvent>
      <description value="preoperative"/>
      <eventCodeableConcept>
        <coding>
          <system value="https://www.charite.de/fhir/digipod/CodeSystem/digipod"/>
          <code value="007"/>
          <display value="Date of surgical procedure"/>
        </coding>
      </eventCodeableConcept>
      <range>
        <low>
          <value value="-1008"/>
          <unit value="hour"/>
          <system value="http://unitsofmeasure.org"/>
          <code value="h"/>
        </low>
        <high>
          <value value="-2"/>
          <unit value="hour"/>
          <system value="http://unitsofmeasure.org"/>
          <code value="h"/>
        </high>
      </range>
    </timeFromEvent>
  </characteristic>
</EvidenceVariable>