<?xml version="1.0" encoding="UTF-8"?>

<EvidenceVariable xmlns="http://hl7.org/fhir">
  <id value="PopAdultPatientsPostoperativelyGeneralOnSurgeryDayNormalWard"/>
  <meta>
    <profile value="https://www.netzwerk-universitaetsmedizin.de/fhir/cpg-on-ebm-on-fhir/StructureDefinition/recommendation-eligibility-criteria"/>
  </meta>
  <text>
    <status value="generated"/><div xmlns="http://www.w3.org/1999/xhtml"><p><b>Generated Narrative: EvidenceVariable</b><a name="PopAdultPatientsPostoperativelyGeneralOnSurgeryDayNormalWard"> </a><a name="hcPopAdultPatientsPostoperativelyGeneralOnSurgeryDayNormalWard"> </a></p><div style="display: inline-block; background-color: #d9e0e7; padding: 6px; margin: 4px; border: 1px solid #8da1b4; border-radius: 5px; line-height: 60%"><p style="margin-bottom: 0px">ResourceEvidenceVariable &quot;PopAdultPatientsPostoperativelyGeneralOnSurgeryDayNormalWard&quot; </p><p style="margin-bottom: 0px">Profile: <a href="file:///github/workspace/output/StructureDefinition-recommendation-eligibility-criteria.html">Recommendation Eligibility Criteria</a></p></div><p><b>url</b>: <code>https://www.netzwerk-universitaetsmedizin.de/fhir/cpg-on-ebmonfhir/example/EvidenceVariable/PopAdultPatientsPostoperativelyGeneralOnSurgeryDayNormalWard</code></p><p><b>version</b>: 0.2.0</p><p><b>name</b>: PopAdultSurgicalPatientsPostoperativelyGeneralOnSurgeryDay</p><p><b>title</b>: Population: General Adult Surgical Patients Postoperatively on the Surgery Day on Normal Ward or in the Recovery Room</p><p><b>status</b>: draft</p><p><b>date</b>: 2024-04</p><p><b>description</b>: Population for guideline 0.2 from https://pubmed.ncbi.nlm.nih.gov/37599617/: Adult patients, postoperatively, on the day of the surgical intervention, on normal ward or in the recovery room</p><blockquote><p><b>characteristic</b></p><p><b>exclude</b>: false</p><blockquote><p><b>definitionByCombination</b></p><p><b>code</b>: all-of</p><blockquote><p><b>characteristic</b></p><p><b>exclude</b>: false</p><blockquote><p><b>definitionByTypeAndValue</b></p></blockquote></blockquote><blockquote><p><b>characteristic</b></p><p><b>exclude</b>: false</p><blockquote><p><b>definitionByTypeAndValue</b></p></blockquote></blockquote><blockquote><p><b>characteristic</b></p><p><b>exclude</b>: false</p><blockquote><p><b>definitionByTypeAndValue</b></p></blockquote></blockquote></blockquote><h3>TimeFromEvents</h3><table class="grid"><tr><td style="display: none">-</td><td><b>Description</b></td><td><b>Event[x]</b></td><td><b>Range</b></td></tr><tr><td style="display: none">*</td><td>Postoperatively on the day of the surgery - from the completion time of the surgery until midnight of the day of surgery</td><td>Completion time of procedure (observable entity) <span style="background: LightGoldenRodYellow; margin: 4px; border: 1px solid khaki"> (<a href="https://browser.ihtsdotools.org/">SNOWMED CT</a>#442137000)</span></td><td>?-1</td></tr></table></blockquote></div>
  </text>
  <url value="https://www.netzwerk-universitaetsmedizin.de/fhir/cpg-on-ebmonfhir/example/EvidenceVariable/PopAdultPatientsPostoperativelyGeneralOnSurgeryDayNormalWard"/>
  <version value="0.2.0"/>
  <name value="PopAdultSurgicalPatientsPostoperativelyGeneralOnSurgeryDay"/>
  <title value="Population: General Adult Surgical Patients Postoperatively on the Surgery Day on Normal Ward or in the Recovery Room"/>
  <status value="draft"/>
  <date value="2024-04"/>
  <description value="Population for guideline 0.2 from https://pubmed.ncbi.nlm.nih.gov/37599617/: Adult patients, postoperatively, on the day of the surgical intervention, on normal ward or in the recovery room"/>
  <characteristic>
    <exclude value="false"/>
    <definitionByCombination>
      <code value="all-of"/>
      <characteristic>
        <exclude value="false"/>
        <definitionByTypeAndValue>
          <type>
            <coding>
              <system value="http://snomed.info/sct"/>
              <code value="424144002"/>
              <display value="Current chronological age (observable entity)"/>
            </coding>
          </type>
          <valueRange>
            <low>
              <value value="18"/>
              <unit value="years"/>
              <system value="http://unitsofmeasure.org"/>
              <code value="a"/>
            </low>
          </valueRange>
        </definitionByTypeAndValue>
      </characteristic>
      <characteristic>
        <exclude value="false"/>
        <definitionByTypeAndValue>
          <type>
            <coding>
              <system value="http://snomed.info/sct"/>
              <code value="71388002"/>
              <display value="Procedure (procedure)"/>
            </coding>
          </type>
          <valueCodeableConcept>
            <coding>
              <system value="http://snomed.info/sct"/>
              <code value="387713003"/>
              <display value="Surgical procedure (procedure)"/>
            </coding>
          </valueCodeableConcept>
        </definitionByTypeAndValue>
      </characteristic>
      <characteristic>
        <exclude value="false"/>
        <definitionByTypeAndValue>
          <type>
            <coding>
              <system value="http://loinc.org"/>
              <code value="78030-4"/>
              <display value="Episode of care Type"/>
            </coding>
          </type>
          <valueCodeableConcept>
            <coding>
              <system value="http://fhir.de/CodeSystem/kontaktart-de"/>
              <code value="normalstationaer"/>
              <display value="Normalstationär"/>
            </coding>
          </valueCodeableConcept>
        </definitionByTypeAndValue>
      </characteristic>
    </definitionByCombination>
    <timeFromEvent>
      <description value="Postoperatively on the day of the surgery - from the completion time of the surgery until midnight of the day of surgery"/>
      <eventCodeableConcept>
        <coding>
          <system value="http://snomed.info/sct"/>
          <code value="442137000"/>
          <display value="Completion time of procedure (observable entity)"/>
        </coding>
      </eventCodeableConcept>
      <range>
        <high>
          <value value="1"/>
          <unit value="day"/>
          <system value="http://unitsofmeasure.org"/>
          <code value="d"/>
        </high>
      </range>
    </timeFromEvent>
  </characteristic>
</EvidenceVariable>