<?xml version="1.0" encoding="UTF-8"?>

<EvidenceVariable xmlns="http://hl7.org/fhir">
  <id value="PopAdultPatientsPostoperativelyOnNormalWardWithRASSEqualLower-3"/>
  <meta>
    <profile value="https://www.netzwerk-universitaetsmedizin.de/fhir/cpg-on-ebm-on-fhir/StructureDefinition/recommendation-eligibility-criteria"/>
  </meta>
  <text>
    <status value="generated"/><div xmlns="http://www.w3.org/1999/xhtml"><p><b>Generated Narrative: EvidenceVariable</b><a name="PopAdultPatientsPostoperativelyOnNormalWardWithRASSEqualLower-3"> </a><a name="hcPopAdultPatientsPostoperativelyOnNormalWardWithRASSEqualLower-3"> </a></p><div style="display: inline-block; background-color: #d9e0e7; padding: 6px; margin: 4px; border: 1px solid #8da1b4; border-radius: 5px; line-height: 60%"><p style="margin-bottom: 0px">ResourceEvidenceVariable &quot;PopAdultPatientsPostoperativelyOnNormalWardWithRASSEqualLower-3&quot; </p><p style="margin-bottom: 0px">Profile: <a href="file:///github/workspace/output/StructureDefinition-recommendation-eligibility-criteria.html">Recommendation Eligibility Criteria</a></p></div><p><b>url</b>: <code>https://www.netzwerk-universitaetsmedizin.de/fhir/cpg-on-ebmonfhir/example/EvidenceVariable/PopAdultPatientsPostoperativelyOnNormalWardWithRASSEqualLower-3</code></p><p><b>version</b>: 0.2.0</p><p><b>name</b>: PopAdultPatientsPostoperativelyOnNormalWardWithRASSEqualLower-3</p><p><b>title</b>: Population: General Adult Surgical Patients Postoperatively On Normal Ward, With a RASS Equal Or Lower Than -3</p><p><b>status</b>: draft</p><p><b>date</b>: 2024-04</p><p><b>description</b>: Population for guideline 0.2 from https://pubmed.ncbi.nlm.nih.gov/37599617/: Adult patients, postoperatively, on a normal ward, with a RASS of -3 or less</p><blockquote><p><b>characteristic</b></p><p><b>exclude</b>: false</p><blockquote><p><b>definitionByCombination</b></p><p><b>code</b>: all-of</p><blockquote><p><b>characteristic</b></p><p><b>exclude</b>: false</p><blockquote><p><b>definitionByTypeAndValue</b></p></blockquote></blockquote><blockquote><p><b>characteristic</b></p><p><b>exclude</b>: false</p><blockquote><p><b>definitionByTypeAndValue</b></p></blockquote></blockquote><blockquote><p><b>characteristic</b></p><p><b>exclude</b>: false</p><blockquote><p><b>definitionByTypeAndValue</b></p></blockquote></blockquote><blockquote><p><b>characteristic</b></p><blockquote><p><b>definitionByTypeAndValue</b></p></blockquote></blockquote></blockquote><h3>TimeFromEvents</h3><table class="grid"><tr><td style="display: none">-</td><td><b>Description</b></td><td><b>Event[x]</b></td><td><b>Range</b></td></tr><tr><td style="display: none">*</td><td>Postoperatively, maximum five complete days after the surgical procedure</td><td>Date of surgical procedure <span style="background: LightGoldenRodYellow; margin: 4px; border: 1px solid khaki"> (<a href="CodeSystem-digipod.html">DIGIPOD</a>#007)</span></td><td>0-6 day</td></tr></table></blockquote></div>
  </text>
  <url value="https://www.netzwerk-universitaetsmedizin.de/fhir/cpg-on-ebmonfhir/example/EvidenceVariable/PopAdultPatientsPostoperativelyOnNormalWardWithRASSEqualLower-3"/>
  <version value="0.2.0"/>
  <name value="PopAdultPatientsPostoperativelyOnNormalWardWithRASSEqualLower-3"/>
  <title value="Population: General Adult Surgical Patients Postoperatively On Normal Ward, With a RASS Equal Or Lower Than -3"/>
  <status value="draft"/>
  <date value="2024-04"/>
  <description value="Population for guideline 0.2 from https://pubmed.ncbi.nlm.nih.gov/37599617/: Adult patients, postoperatively, on a normal ward, with a RASS of -3 or less"/>
  <characteristic>
    <exclude value="false"/>
    <definitionByCombination>
      <code value="all-of"/>
      <characteristic>
        <exclude value="false"/>
        <definitionByTypeAndValue>
          <type>
            <coding>
              <system value="http://snomed.info/sct"/>
              <code value="424144002"/>
              <display value="Current chronological age (observable entity)"/>
            </coding>
          </type>
          <valueRange>
            <low>
              <value value="18"/>
              <unit value="years"/>
              <system value="http://unitsofmeasure.org"/>
              <code value="a"/>
            </low>
          </valueRange>
        </definitionByTypeAndValue>
      </characteristic>
      <characteristic>
        <exclude value="false"/>
        <definitionByTypeAndValue>
          <type>
            <coding>
              <system value="http://snomed.info/sct"/>
              <code value="71388002"/>
              <display value="Procedure (procedure)"/>
            </coding>
          </type>
          <valueCodeableConcept>
            <coding>
              <system value="http://snomed.info/sct"/>
              <code value="387713003"/>
              <display value="Surgical procedure (procedure)"/>
            </coding>
          </valueCodeableConcept>
        </definitionByTypeAndValue>
      </characteristic>
      <characteristic>
        <exclude value="false"/>
        <definitionByTypeAndValue>
          <type>
            <coding>
              <system value="http://loinc.org"/>
              <code value="78030-4"/>
              <display value="Episode of care Type"/>
            </coding>
          </type>
          <valueCodeableConcept>
            <coding>
              <system value="http://fhir.de/CodeSystem/kontaktart-de"/>
              <code value="normalstationaer"/>
              <display value="Normalstationär"/>
            </coding>
          </valueCodeableConcept>
        </definitionByTypeAndValue>
      </characteristic>
      <characteristic>
        <definitionByTypeAndValue>
          <type>
            <coding>
              <system value="http://snomed.info/sct"/>
              <version value="http://snomed.info/sct/731000124108/version/20230901"/>
              <code value="457441000124102"/>
              <display value="Richmond Agitation-Sedation Scale (assessment scale)"/>
            </coding>
          </type>
          <valueQuantity>
            <value value="3"/>
            <comparator value="&lt;="/>
          </valueQuantity>
        </definitionByTypeAndValue>
      </characteristic>
    </definitionByCombination>
    <timeFromEvent>
      <description value="Postoperatively, maximum five complete days after the surgical procedure"/>
      <eventCodeableConcept>
        <coding>
          <system value="https://www.charite.de/fhir/digipod/CodeSystem/digipod"/>
          <code value="007"/>
          <display value="Date of surgical procedure"/>
        </coding>
      </eventCodeableConcept>
      <range>
        <low>
          <value value="0"/>
          <unit value="day"/>
          <system value="http://unitsofmeasure.org"/>
          <code value="d"/>
        </low>
        <high>
          <value value="6"/>
          <unit value="day"/>
          <system value="http://unitsofmeasure.org"/>
          <code value="d"/>
        </high>
      </range>
    </timeFromEvent>
  </characteristic>
</EvidenceVariable>