<?xml version="1.0" encoding="UTF-8"?>

<PlanDefinition xmlns="http://hl7.org/fhir">
  <id value="RecPlanIntraoperativeMultiparameterEEG"/>
  <meta>
    <profile value="https://www.netzwerk-universitaetsmedizin.de/fhir/cpg-on-ebm-on-fhir/StructureDefinition/recommendation-plan"/>
  </meta>
  <text>
    <status value="extensions"/><div xmlns="http://www.w3.org/1999/xhtml"><p><b>Generated Narrative: PlanDefinition</b><a name="RecPlanIntraoperativeMultiparameterEEG"> </a><a name="hcRecPlanIntraoperativeMultiparameterEEG"> </a></p><div style="display: inline-block; background-color: #d9e0e7; padding: 6px; margin: 4px; border: 1px solid #8da1b4; border-radius: 5px; line-height: 60%"><p style="margin-bottom: 0px">ResourcePlanDefinition &quot;RecPlanIntraoperativeMultiparameterEEG&quot; </p><p style="margin-bottom: 0px">Profile: <a href="file:///github/workspace/output/StructureDefinition-recommendation-plan.html">Recommendation Plan</a></p></div><p><b>knowledgeCapability</b>: computable</p><p><b>knowledgeRepresentationLevel</b>: structured</p><p><b>partOf</b>: <a href="PlanDefinition-RecCollIntraoperativeMultiparameterEEG.html">Recommendation Collection: Use multiparameter EEG monitoring in Adult Surgical Patients Intraoperatively</a></p><blockquote><p><b>Action Combination Method</b></p><blockquote><p><b>url</b></p><code>method</code></blockquote><p><b>value</b>: All <span style="background: LightGoldenRodYellow; margin: 4px; border: 1px solid khaki"> (<a href="file:///github/workspace/output/CodeSystem-cs-action-combination-method.html">Action Combination Method</a>#all)</span></p></blockquote><p><b>url</b>: <code>https://www.netzwerk-universitaetsmedizin.de/fhir/cpg-on-ebmonfhir/example/PlanDefinition/RecPlanIntraoperativeMultiparameterEEG</code></p><p><b>version</b>: 0.2.0</p><p><b>name</b>: RecPlanIntraoperativeMultiparameterEEG</p><p><b>title</b>: Recommended Plan for Population: Adult Surgical Patients Intraoperatively, use multiparameter EEG monitoring</p><p><b>type</b>: ECA Rule <span style="background: LightGoldenRodYellow; margin: 4px; border: 1px solid khaki"> (<a href="http://terminology.hl7.org/5.5.0/CodeSystem-plan-definition-type.html">PlanDefinitionType</a>#eca-rule)</span></p><p><b>status</b>: draft</p><p><b>experimental</b>: true</p><p><b>subject</b>: <a href="EvidenceVariable-PopAdultPatientsIntraoperativelyGeneral.html">Population: General Adult Surgical Patients Intraoperatively</a></p><p><b>date</b>: 2024-02</p><p><b>publisher</b>: DIGIPOD</p><p><b>description</b>: Recommended Plan for Adult Surgical Patients, Intraoperatively, use multiparameter electroencephalography (EEG) focusing on burst suppression activity and including the density spectral array (DSA).</p><blockquote><p><b>action</b></p><p><b>code</b>: Evaluation procedure (procedure) <span style="background: LightGoldenRodYellow; margin: 4px; border: 1px solid khaki"> (<a href="https://browser.ihtsdotools.org/">SNOWMED CT</a>#386053000)</span></p><p><b>reason</b>: Quality measure <span style="background: LightGoldenRodYellow; margin: 4px; border: 1px solid khaki"> (<a href="http://hl7.org/fhir/R5/codesystem-action-reason-code.html">Action Reason Code</a>#quality-measure)</span></p><p><b>requiredBehavior</b>: must</p><p><b>definition</b>: <a href="ActivityDefinition-RecActionIntraoperativeEEGMonitoringBurstSuppression.html">Recommended Action for Population: Adult Surgical Patients Intraoperatively, perform monitoring burst suppression pattern using electroencephalography</a></p></blockquote><blockquote><p><b>action</b></p><p><b>code</b>: Evaluation procedure (procedure) <span style="background: LightGoldenRodYellow; margin: 4px; border: 1px solid khaki"> (<a href="https://browser.ihtsdotools.org/">SNOWMED CT</a>#386053000)</span></p><p><b>reason</b>: Quality measure <span style="background: LightGoldenRodYellow; margin: 4px; border: 1px solid khaki"> (<a href="http://hl7.org/fhir/R5/codesystem-action-reason-code.html">Action Reason Code</a>#quality-measure)</span></p><p><b>requiredBehavior</b>: must</p><p><b>definition</b>: <a href="ActivityDefinition-RecActionIntraoperativeEEGDensitySpectralArray.html">Recommended Action for Population: Adult Surgical Patients Intraoperatively, use electroencephalographic density spectral array</a></p></blockquote></div>
  </text>
  <extension url="http://hl7.org/fhir/uv/cpg/StructureDefinition/cpg-knowledgeCapability">
    <valueCode value="computable"/>
  </extension>
  <extension url="http://hl7.org/fhir/uv/cpg/StructureDefinition/cpg-knowledgeRepresentationLevel">
    <valueCode value="structured"/>
  </extension>
  <extension url="http://hl7.org/fhir/uv/cpg/StructureDefinition/cpg-partOf">
    <valueCanonical value="https://www.netzwerk-universitaetsmedizin.de/fhir/cpg-on-ebmonfhir/example/PlanDefinition/RecCollIntraoperativeMultiparameterEEG"/>
  </extension>
  <extension url="https://www.netzwerk-universitaetsmedizin.de/fhir/cpg-on-ebm-on-fhir/StructureDefinition/ext-action-combination-method">
    <extension url="method">
      <valueCodeableConcept>
        <coding>
          <system value="https://www.netzwerk-universitaetsmedizin.de/fhir/cpg-on-ebm-on-fhir/CodeSystem/cs-action-combination-method"/>
          <code value="all"/>
        </coding>
      </valueCodeableConcept>
    </extension>
  </extension>
  <url value="https://www.netzwerk-universitaetsmedizin.de/fhir/cpg-on-ebmonfhir/example/PlanDefinition/RecPlanIntraoperativeMultiparameterEEG"/>
  <version value="0.2.0"/>
  <name value="RecPlanIntraoperativeMultiparameterEEG"/>
  <title value="Recommended Plan for Population: Adult Surgical Patients Intraoperatively, use multiparameter EEG monitoring"/>
  <type>
    <coding>
      <system value="http://terminology.hl7.org/CodeSystem/plan-definition-type"/>
      <code value="eca-rule"/>
    </coding>
  </type>
  <status value="draft"/>
  <experimental value="true"/>
  <subjectCanonical value="https://www.netzwerk-universitaetsmedizin.de/fhir/cpg-on-ebmonfhir/example/EvidenceVariable/PopAdultPatientsIntraoperativelyGeneral"/>
  <date value="2024-02"/>
  <publisher value="DIGIPOD"/>
  <description value="Recommended Plan for Adult Surgical Patients, Intraoperatively, use multiparameter electroencephalography (EEG) focusing on burst suppression activity and including the density spectral array (DSA)."/>
  <action>
    <code>
      <coding>
        <system value="http://snomed.info/sct"/>
        <code value="386053000"/>
        <display value="Evaluation procedure (procedure)"/>
      </coding>
    </code>
    <reason>
      <coding>
        <system value="http://hl7.org/fhir/action-reason-code"/>
        <code value="quality-measure"/>
        <display value="Quality measure"/>
      </coding>
    </reason>
    <requiredBehavior value="must"/>
    <definitionCanonical value="https://www.netzwerk-universitaetsmedizin.de/fhir/cpg-on-ebmonfhir/example/ActivityDefinition/RecActionIntraoperativeEEGMonitoringBurstSuppression"/>
  </action>
  <action>
    <code>
      <coding>
        <system value="http://snomed.info/sct"/>
        <code value="386053000"/>
        <display value="Evaluation procedure (procedure)"/>
      </coding>
    </code>
    <reason>
      <coding>
        <system value="http://hl7.org/fhir/action-reason-code"/>
        <code value="quality-measure"/>
        <display value="Quality measure"/>
      </coding>
    </reason>
    <requiredBehavior value="must"/>
    <definitionCanonical value="https://www.netzwerk-universitaetsmedizin.de/fhir/cpg-on-ebmonfhir/example/ActivityDefinition/RecActionIntraoperativeEEGDensitySpectralArray"/>
  </action>
</PlanDefinition>