<?xml version="1.0" encoding="UTF-8"?>

<PlanDefinition xmlns="http://hl7.org/fhir">
  <id value="RecPlanShowRecommendationNoSpecificSurgeryOrAnesthesiaType"/>
  <meta>
    <profile value="https://www.netzwerk-universitaetsmedizin.de/fhir/cpg-on-ebm-on-fhir/StructureDefinition/recommendation-plan"/>
  </meta>
  <text>
    <status value="extensions"/><div xmlns="http://www.w3.org/1999/xhtml"><p><b>Generated Narrative: PlanDefinition</b><a name="RecPlanShowRecommendationNoSpecificSurgeryOrAnesthesiaType"> </a><a name="hcRecPlanShowRecommendationNoSpecificSurgeryOrAnesthesiaType"> </a></p><div style="display: inline-block; background-color: #d9e0e7; padding: 6px; margin: 4px; border: 1px solid #8da1b4; border-radius: 5px; line-height: 60%"><p style="margin-bottom: 0px">ResourcePlanDefinition &quot;RecPlanShowRecommendationNoSpecificSurgeryOrAnesthesiaType&quot; </p><p style="margin-bottom: 0px">Profile: <a href="file:///github/workspace/output/StructureDefinition-recommendation-plan.html">Recommendation Plan</a></p></div><p><b>knowledgeCapability</b>: computable</p><p><b>knowledgeRepresentationLevel</b>: structured</p><p><b>partOf</b>: <a href="PlanDefinition-RecCollAdultSurgicalPatPreOrIntraOPNoSpecSurgeryOrAnesthesiaType.html">Recommendation Collection: Do no suggest any specific type of surgery and type of anaesthesia to reduce the incidence of POD in Adult Surgical Patients Pre- or Intraoperatively</a></p><blockquote><p><b>Action Combination Method</b></p><blockquote><p><b>url</b></p><code>method</code></blockquote><p><b>value</b>: All <span style="background: LightGoldenRodYellow; margin: 4px; border: 1px solid khaki"> (<a href="file:///github/workspace/output/CodeSystem-cs-action-combination-method.html">Action Combination Method</a>#all)</span></p></blockquote><p><b>url</b>: <code>https://www.netzwerk-universitaetsmedizin.de/fhir/cpg-on-ebmonfhir/example/PlanDefinition/RecPlanShowRecommendationNoSpecificSurgeryOrAnesthesiaType</code></p><p><b>version</b>: 0.2.0</p><p><b>name</b>: RecPlanShowRecommendationNoSpecificSurgeryOrAnesthesiaType</p><p><b>title</b>: Recommended Plan for Population: Adult Surgical Patients Pre- or Intraoperatively, do not suggest any specific type of surgery and type of anaesthesia to reduce the incidence of POD</p><p><b>type</b>: ECA Rule <span style="background: LightGoldenRodYellow; margin: 4px; border: 1px solid khaki"> (<a href="http://terminology.hl7.org/5.5.0/CodeSystem-plan-definition-type.html">PlanDefinitionType</a>#eca-rule)</span></p><p><b>status</b>: draft</p><p><b>experimental</b>: true</p><p><b>subject</b>: <a href="EvidenceVariable-PopAdultPatientsPreAndIntraoperativelyGeneral.html">Population: General Adult Surgical Patients Pre- and Intraoperatively</a></p><p><b>date</b>: 2024-04</p><p><b>publisher</b>: DIGIPOD</p><p><b>description</b>: Recommended Plan for Adult Surgical Patients Pre- or Intraoperatively, do not suggest any specific type of surgery and type of anaesthesia to reduce the incidence of postoperative delirium (POD) and show recommendation 3.3.</p><h3>Actions</h3><table class="grid"><tr><td style="display: none">-</td><td><b>Code</b></td><td><b>RequiredBehavior</b></td><td><b>Definition[x]</b></td></tr><tr><td style="display: none">*</td><td>In patients undergoing surgery, we do not suggest any specific type of surgery and type of anaesthesia to reduce the incidence of POD. <span style="background: LightGoldenRodYellow; margin: 4px; border: 1px solid khaki"> (<a href="https://browser.ihtsdotools.org/">SNOWMED CT</a>#74964007 &quot;Other (qualifier value)&quot;)</span></td><td>could</td><td><a href="ActivityDefinition-RecActionAdultSurgicalPatNoSpecSurgeryOrAnesthesiaTypeWarning.html">Recommended Action for Population: Adult Surgical Patients Pre- or Intraoperatively, do not suggest any specific type of surgery and type of anaesthesia to reduce the incidence of POD</a></td></tr></table></div>
  </text>
  <extension url="http://hl7.org/fhir/uv/cpg/StructureDefinition/cpg-knowledgeCapability">
    <valueCode value="computable"/>
  </extension>
  <extension url="http://hl7.org/fhir/uv/cpg/StructureDefinition/cpg-knowledgeRepresentationLevel">
    <valueCode value="structured"/>
  </extension>
  <extension url="http://hl7.org/fhir/uv/cpg/StructureDefinition/cpg-partOf">
    <valueCanonical value="https://www.netzwerk-universitaetsmedizin.de/fhir/cpg-on-ebmonfhir/example/PlanDefinition/RecCollAdultSurgicalPatPreOrIntraOPNoSpecSurgeryOrAnesthesiaType"/>
  </extension>
  <extension url="https://www.netzwerk-universitaetsmedizin.de/fhir/cpg-on-ebm-on-fhir/StructureDefinition/ext-action-combination-method">
    <extension url="method">
      <valueCodeableConcept>
        <coding>
          <system value="https://www.netzwerk-universitaetsmedizin.de/fhir/cpg-on-ebm-on-fhir/CodeSystem/cs-action-combination-method"/>
          <code value="all"/>
        </coding>
      </valueCodeableConcept>
    </extension>
  </extension>
  <url value="https://www.netzwerk-universitaetsmedizin.de/fhir/cpg-on-ebmonfhir/example/PlanDefinition/RecPlanShowRecommendationNoSpecificSurgeryOrAnesthesiaType"/>
  <version value="0.2.0"/>
  <name value="RecPlanShowRecommendationNoSpecificSurgeryOrAnesthesiaType"/>
  <title value="Recommended Plan for Population: Adult Surgical Patients Pre- or Intraoperatively, do not suggest any specific type of surgery and type of anaesthesia to reduce the incidence of POD"/>
  <type>
    <coding>
      <system value="http://terminology.hl7.org/CodeSystem/plan-definition-type"/>
      <code value="eca-rule"/>
    </coding>
  </type>
  <status value="draft"/>
  <experimental value="true"/>
  <subjectCanonical value="https://www.netzwerk-universitaetsmedizin.de/fhir/cpg-on-ebmonfhir/example/EvidenceVariable/PopAdultPatientsPreAndIntraoperativelyGeneral"/>
  <date value="2024-04"/>
  <publisher value="DIGIPOD"/>
  <description value="Recommended Plan for Adult Surgical Patients Pre- or Intraoperatively, do not suggest any specific type of surgery and type of anaesthesia to reduce the incidence of postoperative delirium (POD) and show recommendation 3.3."/>
  <action>
    <code>
      <coding>
        <system value="http://snomed.info/sct"/>
        <code value="74964007"/>
        <display value="Other (qualifier value)"/>
      </coding>
      <text value="In patients undergoing surgery, we do not suggest any specific type of surgery and type of anaesthesia to reduce the incidence of POD."/>
    </code>
    <requiredBehavior value="could"/>
    <definitionCanonical value="https://www.netzwerk-universitaetsmedizin.de/fhir/cpg-on-ebmonfhir/example/ActivityDefinition/RecActionAdultSurgicalPatNoSpecSurgeryOrAnesthesiaTypeWarning"/>
  </action>
</PlanDefinition>