<?xml version="1.0" encoding="UTF-8"?><ActivityDefinition xmlns="http://hl7.org/fhir"><id value="RecActionAdultSurgicalPatNoSpecSurgeryOrAnesthesiaTypeWarning"/><meta><profile value="https://www.netzwerk-universitaetsmedizin.de/fhir/cpg-on-ebm-on-fhir/StructureDefinition/recommendation-action"/></meta><extension url="http://hl7.org/fhir/uv/cpg/StructureDefinition/cpg-knowledgeCapability"><valueCode value="computable"/></extension><extension url="http://hl7.org/fhir/uv/cpg/StructureDefinition/cpg-knowledgeRepresentationLevel"><valueCode value="structured"/></extension><url value="https://www.netzwerk-universitaetsmedizin.de/fhir/cpg-on-ebmonfhir/example/ActivityDefinition/RecActionAdultSurgicalPatNoSpecSurgeryOrAnesthesiaTypeWarning"/><version value="0.2.0"/><name value="RecActionAdultSurgicalPatNoSpecSurgeryOrAnesthesiaTypeWarning"/><title value="Recommended Action for Population: Adult Surgical Patients Pre- or Intraoperatively, do not suggest any specific type of surgery and type of anaesthesia to reduce the incidence of POD"/><status value="draft"/><experimental value="true"/><subjectCodeableConcept><coding><system value="http://hl7.org/fhir/fhir-types"/><code value="Patient"/></coding></subjectCodeableConcept><date value="2024-04"/><publisher value="DIGIPOD"/><description value="Recommended Action for Adult Surgical Patients Pre- or Intraoperatively, do not suggest any specific type of surgery and type of anaesthesia to reduce the incidence of postoperative delirium (POD) and show recommendation 3.3."/><kind value="CommunicationRequest"/><code><text value="In patients undergoing surgery, we do not suggest any specific type of surgery and type of anaesthesia to reduce the incidence of POD."/></code></ActivityDefinition>