<?xml version="1.0" encoding="UTF-8"?><ActivityDefinition xmlns="http://hl7.org/fhir"><id value="RecActionAdultPatientsPostoperativelyCheckCAMNightShift"/><meta><profile value="https://www.netzwerk-universitaetsmedizin.de/fhir/cpg-on-ebm-on-fhir/StructureDefinition/assessment-action"/></meta><extension url="http://hl7.org/fhir/uv/cpg/StructureDefinition/cpg-knowledgeCapability"><valueCode value="computable"/></extension><extension url="http://hl7.org/fhir/uv/cpg/StructureDefinition/cpg-knowledgeRepresentationLevel"><valueCode value="structured"/></extension><url value="https://www.netzwerk-universitaetsmedizin.de/fhir/cpg-on-ebmonfhir/example/ActivityDefinition/RecActionAdultPatientsPostoperativelyCheckCAMNightShift"/><version value="0.2.0"/><name value="RecActionAdultPatientsPostoperativelyCheckCAMNightShift"/><title value="Recommended Action for Population: Adult Surgical Patients Postoperatively on a Normal Ward, check Confusion Assessment Method (CAM) score during the night shift"/><status value="draft"/><experimental value="true"/><subjectCodeableConcept><coding><system value="http://hl7.org/fhir/fhir-types"/><code value="Patient"/></coding></subjectCodeableConcept><date value="2024-04"/><publisher value="DIGIPOD"/><description value="Recommended Action for Adult Surgical Patients Postoperatively on a Normal Ward, check Confusion Assessment Method (CAM) score during the night shift."/><kind value="ServiceRequest"/><code><coding><system value="https://www.charite.de/fhir/digipod/CodeSystem/digipod"/><code value="018"/><display value="Confusion Assessment Method score"/></coding></code><timingTiming><repeat><count value="1"/><when value="NIGHT"/></repeat></timingTiming></ActivityDefinition>