<?xml version="1.0" encoding="UTF-8"?><ActivityDefinition xmlns="http://hl7.org/fhir"><id value="RecActionAdultSurgicalPatientsPreoperativelyCheckRFACER"/><meta><profile value="https://www.netzwerk-universitaetsmedizin.de/fhir/cpg-on-ebm-on-fhir/StructureDefinition/assessment-action"/></meta><extension url="http://hl7.org/fhir/uv/cpg/StructureDefinition/cpg-knowledgeCapability"><valueCode value="computable"/></extension><extension url="http://hl7.org/fhir/uv/cpg/StructureDefinition/cpg-knowledgeRepresentationLevel"><valueCode value="structured"/></extension><url value="https://www.netzwerk-universitaetsmedizin.de/fhir/cpg-on-ebmonfhir/example/ActivityDefinition/RecActionAdultSurgicalPatientsPreoperativelyCheckRFACER"/><version value="0.2.0"/><name value="RecActionAdultSurgicalPatientsPreoperativelyCheckRFACER-R"/><title value="Recommended Action for Population: Adult Surgical Patients Preoperatively if Mini-cog test score is equal to or higher than 3, check risk factor Addenbrooke's Cognitive Examination revised score"/><status value="draft"/><experimental value="true"/><subjectCodeableConcept><coding><system value="http://hl7.org/fhir/fhir-types"/><code value="Patient"/></coding></subjectCodeableConcept><date value="2024-02"/><publisher value="DIGIPOD"/><description value="Recommended Action for Adult Surgical Patients Preoperatively if Mini-cog test score is equal to or higher than 3, check risk factor Addenbrooke's Cognitive Examination revised score."/><kind value="ServiceRequest"/><code><coding><system value="https://www.charite.de/fhir/digipod/CodeSystem/digipod"/><code value="012"/><display value="Result of Addenbrooke cognitive examination revised"/></coding></code><timingTiming><repeat><count value="1"/></repeat></timingTiming></ActivityDefinition>