<?xml version="1.0" encoding="UTF-8"?><ActivityDefinition xmlns="http://hl7.org/fhir"><id value="RecActionAdultSurgicalPatientsPreoperativelyCheckRFASA"/><meta><profile value="https://www.netzwerk-universitaetsmedizin.de/fhir/cpg-on-ebm-on-fhir/StructureDefinition/assessment-action"/></meta><extension url="http://hl7.org/fhir/uv/cpg/StructureDefinition/cpg-knowledgeCapability"><valueCode value="computable"/></extension><extension url="http://hl7.org/fhir/uv/cpg/StructureDefinition/cpg-knowledgeRepresentationLevel"><valueCode value="structured"/></extension><url value="https://www.netzwerk-universitaetsmedizin.de/fhir/cpg-on-ebmonfhir/example/ActivityDefinition/RecActionAdultSurgicalPatientsPreoperativelyCheckRFASA"/><version value="0.2.0"/><name value="RecActionAdultSurgicalPatientsPreoperativelyCheckRFASA"/><title value="Recommended Action for Population: Adult Surgical Patients Preoperatively, check risk factor American Society of Anesthesiology Physical status score"/><status value="draft"/><experimental value="true"/><subjectCodeableConcept><coding><system value="http://hl7.org/fhir/fhir-types"/><code value="Patient"/></coding></subjectCodeableConcept><date value="2024-02"/><publisher value="DIGIPOD"/><description value="Recommended Action for Adult Surgical Patients Preoperatively, check risk factor American Society of Anesthesiology Physical status score."/><kind value="ServiceRequest"/><code><coding><system value="http://snomed.info/sct"/><code value="302132005"/><display value="American Society of Anesthesiologists physical status class (observable entity)"/></coding></code><timingTiming><repeat><count value="1"/></repeat></timingTiming></ActivityDefinition>