<?xml version="1.0" encoding="UTF-8"?><ActivityDefinition xmlns="http://hl7.org/fhir"><id value="RecActionAdultSurgicalPatientsPreoperativelyCheckRFMoCA"/><meta><profile value="https://www.netzwerk-universitaetsmedizin.de/fhir/cpg-on-ebm-on-fhir/StructureDefinition/assessment-action"/></meta><extension url="http://hl7.org/fhir/uv/cpg/StructureDefinition/cpg-knowledgeCapability"><valueCode value="computable"/></extension><extension url="http://hl7.org/fhir/uv/cpg/StructureDefinition/cpg-knowledgeRepresentationLevel"><valueCode value="structured"/></extension><url value="https://www.netzwerk-universitaetsmedizin.de/fhir/cpg-on-ebmonfhir/example/ActivityDefinition/RecActionAdultSurgicalPatientsPreoperativelyCheckRFMoCA"/><version value="0.2.0"/><name value="RecActionAdultSurgicalPatientsPreoperativelyCheckRFMoCA"/><title value="Recommended Action for Population: Adult Surgical Patients Preoperatively with Positive Mini-cog Test Score, check risk factor Montreal Cognitive Assessment score"/><status value="draft"/><experimental value="true"/><subjectCodeableConcept><coding><system value="http://hl7.org/fhir/fhir-types"/><code value="Patient"/></coding></subjectCodeableConcept><date value="2024-02"/><publisher value="DIGIPOD"/><description value="Recommended Action for Adult Surgical Patients Preoperatively if Mini-cog test score is equal to or higher than 3, check risk factor Montreal Cognitive Assessment (MoCA) score."/><kind value="ServiceRequest"/><code><coding><system value="http://snomed.info/sct"/><code value="1255891005"/><display value="Montreal Cognitive Assessment version 8.1 score (observable entity)"/></coding></code><timingTiming><repeat><count value="1"/></repeat></timingTiming></ActivityDefinition>