<?xml version="1.0" encoding="UTF-8"?><ActivityDefinition xmlns="http://hl7.org/fhir"><id value="RecActionAdultSurgicalPatientsPreoperativelyCheckRFMMSE"/><meta><profile value="https://www.netzwerk-universitaetsmedizin.de/fhir/cpg-on-ebm-on-fhir/StructureDefinition/assessment-action"/></meta><extension url="http://hl7.org/fhir/uv/cpg/StructureDefinition/cpg-knowledgeCapability"><valueCode value="computable"/></extension><extension url="http://hl7.org/fhir/uv/cpg/StructureDefinition/cpg-knowledgeRepresentationLevel"><valueCode value="structured"/></extension><url value="https://www.netzwerk-universitaetsmedizin.de/fhir/cpg-on-ebmonfhir/example/ActivityDefinition/RecActionAdultSurgicalPatientsPreoperativelyCheckRFMMSE"/><version value="0.2.0"/><name value="RecActionAdultSurgicalPatientsPreoperativelyCheckRFMMSE"/><title value="Recommended Action for Population: Adult Surgical Patients Preoperatively, check risk factor Mini-Mental State Examination Score if Mini-cog test score is equal to or higher than 3. Please note that MMSE is not free of charge (license fees)"/><status value="draft"/><experimental value="true"/><subjectCodeableConcept><coding><system value="http://hl7.org/fhir/fhir-types"/><code value="Patient"/></coding></subjectCodeableConcept><date value="2024-02"/><publisher value="DIGIPOD"/><description value="Recommended Action for Adult Surgical Patients Preoperatively if Mini-cog test score is equal to or higher than 3, check risk factor Mini-Mental State Examination Score if Mini-cog test score is equal to or higher than 3."/><kind value="ServiceRequest"/><code><coding><system value="http://snomed.info/sct"/><code value="447316007"/><display value="Mini-mental state examination score (observable entity)"/></coding></code><timingTiming><repeat><count value="1"/></repeat></timingTiming></ActivityDefinition>