<?xml version="1.0" encoding="UTF-8"?><ActivityDefinition xmlns="http://hl7.org/fhir"><id value="RecActionIntraoperativeEEGDensitySpectralArray"/><meta><profile value="https://www.netzwerk-universitaetsmedizin.de/fhir/cpg-on-ebm-on-fhir/StructureDefinition/recommendation-action"/></meta><extension url="http://hl7.org/fhir/uv/cpg/StructureDefinition/cpg-knowledgeCapability"><valueCode value="computable"/></extension><extension url="http://hl7.org/fhir/uv/cpg/StructureDefinition/cpg-knowledgeRepresentationLevel"><valueCode value="structured"/></extension><url value="https://www.netzwerk-universitaetsmedizin.de/fhir/cpg-on-ebmonfhir/example/ActivityDefinition/RecActionIntraoperativeEEGDensitySpectralArray"/><version value="0.2.0"/><name value="RecActionIntraoperativeEEGDensitySpectralArray"/><title value="Recommended Action for Population: Adult Surgical Patients Intraoperatively, use electroencephalographic density spectral array"/><status value="draft"/><experimental value="true"/><subjectCodeableConcept><coding><system value="http://hl7.org/fhir/fhir-types"/><code value="Patient"/></coding></subjectCodeableConcept><date value="2024-02"/><publisher value="DIGIPOD"/><description value="Recommended Action for Adult Surgical Patients, Intraoperatively, EEG monitoring must include density spectral array (DSA)"/><kind value="ServiceRequest"/><code><coding><system value="https://www.charite.de/fhir/digipod/CodeSystem/digipod"/><code value="015"/><display value="Encephalographic density spectral array"/></coding></code></ActivityDefinition>