<?xml version="1.0" encoding="UTF-8"?><ActivityDefinition xmlns="http://hl7.org/fhir"><id value="RecActionAdultPatientsPostperativelyCheckNUDESCEveningShift"/><meta><profile value="https://www.netzwerk-universitaetsmedizin.de/fhir/cpg-on-ebm-on-fhir/StructureDefinition/assessment-action"/></meta><extension url="http://hl7.org/fhir/uv/cpg/StructureDefinition/cpg-knowledgeCapability"><valueCode value="computable"/></extension><extension url="http://hl7.org/fhir/uv/cpg/StructureDefinition/cpg-knowledgeRepresentationLevel"><valueCode value="structured"/></extension><url value="https://www.netzwerk-universitaetsmedizin.de/fhir/cpg-on-ebmonfhir/example/ActivityDefinition/RecActionAdultPatientsPostperativelyCheckNUDESCEveningShift"/><version value="0.2.0"/><name value="RecActionAdultPatientsPostperativelyCheckNUDESCEveningShift"/><title value="Recommended Action for Population: Adult Surgical Patients Postoperatively on a Normal Ward, check Nursing Delirium Screening Scale (NU-DESC) score during the evening shift"/><status value="draft"/><experimental value="true"/><subjectCodeableConcept><coding><system value="http://hl7.org/fhir/fhir-types"/><code value="Patient"/></coding></subjectCodeableConcept><date value="2024-04"/><publisher value="DIGIPOD"/><description value="Recommended Action for Adult Surgical Patients Postoperatively on a Normal Ward, check Nursing Delirium Screening Scale (NU-DESC) score during the evening shift."/><kind value="ServiceRequest"/><code><coding><system value="https://www.charite.de/fhir/digipod/CodeSystem/digipod"/><code value="016"/><display value="Nursing Delirium Screening Scale (NU-DESC) score"/></coding></code><timingTiming><repeat><count value="1"/><when value="AFT"/></repeat></timingTiming></ActivityDefinition>