<?xml version="1.0" encoding="UTF-8"?><ActivityDefinition xmlns="http://hl7.org/fhir"><id value="RecActionOlderAdultPatientsPreoperativelyCheckCognitiveRF"/><meta><profile value="https://www.netzwerk-universitaetsmedizin.de/fhir/cpg-on-ebm-on-fhir/StructureDefinition/recommendation-action"/></meta><extension url="http://hl7.org/fhir/uv/cpg/StructureDefinition/cpg-knowledgeCapability"><valueCode value="computable"/></extension><extension url="http://hl7.org/fhir/uv/cpg/StructureDefinition/cpg-knowledgeRepresentationLevel"><valueCode value="structured"/></extension><url value="https://www.netzwerk-universitaetsmedizin.de/fhir/cpg-on-ebmonfhir/example/ActivityDefinition/RecActionOlderAdultPatientsPreoperativelyCheckCognitiveRF"/><version value="0.2.0"/><name value="RecActionOlderAdultPatientsPreoperativelyCheckCognitiveRF"/><title value="Recommended Action for Population: Older Adult Surgical Patients Preoperatively, check for cognitive deficits as risk factors for POD"/><status value="draft"/><experimental value="true"/><subjectCodeableConcept><coding><system value="http://hl7.org/fhir/fhir-types"/><code value="Patient"/></coding></subjectCodeableConcept><date value="2024-02"/><publisher value="DIGIPOD"/><description value="Recommended Action for Adult Surgical Patients Preoperatively, 70 years old or older, check for cognitive deficits as risk factors for postoperative delirium (POD)"/><kind value="ServiceRequest"/><code><coding><system value="http://snomed.info/sct"/><version value="http://snomed.info/sct/900000000000207008/version/20240201"/><code value="1100881000168104"/><display value="Assessment of cognitive function (procedure)"/></coding></code></ActivityDefinition>