<?xml version="1.0" encoding="UTF-8"?><ActivityDefinition xmlns="http://hl7.org/fhir"><id value="RecActionAdultSurgicalPatientsPreoperativelyNeedMMSEFeeWarning"/><meta><profile value="https://www.netzwerk-universitaetsmedizin.de/fhir/cpg-on-ebm-on-fhir/StructureDefinition/recommendation-action"/></meta><extension url="http://hl7.org/fhir/uv/cpg/StructureDefinition/cpg-knowledgeCapability"><valueCode value="computable"/></extension><extension url="http://hl7.org/fhir/uv/cpg/StructureDefinition/cpg-knowledgeRepresentationLevel"><valueCode value="structured"/></extension><url value="https://www.netzwerk-universitaetsmedizin.de/fhir/cpg-on-ebmonfhir/example/ActivityDefinition/RecActionAdultSurgicalPatientsPreoperativelyNeedMMSEFeeWarning"/><version value="0.2.0"/><name value="RecActionAdultSurgicalPatientsPreoperativelyNeedMMSEFeeWarning"/><title value="Recommended Action for Population: Adult Surgical Patients Preoperatively with Positive Mini-cog Test Score that need MMSE, provide warning for license fees"/><status value="draft"/><experimental value="true"/><subjectCodeableConcept><coding><system value="http://hl7.org/fhir/fhir-types"/><code value="Patient"/></coding></subjectCodeableConcept><date value="2024-02"/><publisher value="DIGIPOD"/><description value="Recommended Action for Adult Surgical Patients Preoperatively if Mini-cog test score is equal to or higher than 3 that need MMSE, provide warning for license fees"/><kind value="CommunicationRequest"/><code><text value="Provide warning about license fees for Mini-Mental State Examination"/></code></ActivityDefinition>