<?xml version="1.0" encoding="UTF-8"?><ActivityDefinition xmlns="http://hl7.org/fhir"><id value="RecActionOlderAdultSurgicalPatientsPreoperativelyCheckRF"/><meta><profile value="https://www.netzwerk-universitaetsmedizin.de/fhir/cpg-on-ebm-on-fhir/StructureDefinition/recommendation-action"/></meta><extension url="http://hl7.org/fhir/uv/cpg/StructureDefinition/cpg-knowledgeCapability"><valueCode value="computable"/></extension><extension url="http://hl7.org/fhir/uv/cpg/StructureDefinition/cpg-knowledgeRepresentationLevel"><valueCode value="structured"/></extension><url value="https://www.netzwerk-universitaetsmedizin.de/fhir/cpg-on-ebmonfhir/example/ActivityDefinition/RecActionOlderAdultSurgicalPatientsPreoperativelyCheckRF"/><version value="0.2.0"/><name value="RecActionOlderAdultSurgicalPatientsPreoperativelyCheckRF"/><title value="Recommended Action for Population: Older Adult Surgical Patients Preoperatively, check predisposing and precipitating risk factors"/><status value="draft"/><experimental value="true"/><subjectCodeableConcept><coding><system value="http://hl7.org/fhir/fhir-types"/><code value="Patient"/></coding></subjectCodeableConcept><date value="2024-02"/><publisher value="DIGIPOD"/><description value="Recommended Action for Adult Surgical Patients Preoperatively, 70 years old or older, check predisposing and precipitating risk factors"/><kind value="ServiceRequest"/><code><coding><system value="http://snomed.info/sct"/><code value="772787001"/><display value="Assessment for risk of delirium (procedure)"/></coding></code></ActivityDefinition>