<?xml version="1.0" encoding="UTF-8"?><ActivityDefinition xmlns="http://hl7.org/fhir"><id value="RecActionAdultSurgicalPatientsPreoperativelyCheckRFCCI"/><meta><profile value="https://www.netzwerk-universitaetsmedizin.de/fhir/cpg-on-ebm-on-fhir/StructureDefinition/assessment-action"/></meta><extension url="http://hl7.org/fhir/uv/cpg/StructureDefinition/cpg-knowledgeCapability"><valueCode value="computable"/></extension><extension url="http://hl7.org/fhir/uv/cpg/StructureDefinition/cpg-knowledgeRepresentationLevel"><valueCode value="structured"/></extension><url value="https://www.netzwerk-universitaetsmedizin.de/fhir/cpg-on-ebmonfhir/example/ActivityDefinition/RecActionAdultSurgicalPatientsPreoperativelyCheckRFCCI"/><version value="0.2.0"/><name value="RecActionAdultSurgicalPatientsPreoperativelyCheckRFCCI"/><title value="Recommended Action for Population: Adult Surgical Patients Preoperatively, check risk factor Charlson Comorbidity Index"/><status value="draft"/><experimental value="true"/><subjectCodeableConcept><coding><system value="http://hl7.org/fhir/fhir-types"/><code value="Patient"/></coding></subjectCodeableConcept><date value="2024-02"/><publisher value="DIGIPOD"/><description value="Recommended Action for Adult Surgical Patients Preoperatively, check risk factor Charlson Comorbidity Index."/><kind value="ServiceRequest"/><code><coding><system value="https://www.charite.de/fhir/digipod/CodeSystem/digipod"/><code value="009"/><display value="Result of Charlson Comorbidity Index"/></coding></code><timingTiming><repeat><count value="1"/></repeat></timingTiming></ActivityDefinition>