<?xml version="1.0" encoding="UTF-8"?><ActivityDefinition xmlns="http://hl7.org/fhir"><id value="RecActionAdultPatientsPostoperativelyCheck3DCAMMorningShift"/><meta><profile value="https://www.netzwerk-universitaetsmedizin.de/fhir/cpg-on-ebm-on-fhir/StructureDefinition/assessment-action"/></meta><extension url="http://hl7.org/fhir/uv/cpg/StructureDefinition/cpg-knowledgeCapability"><valueCode value="computable"/></extension><extension url="http://hl7.org/fhir/uv/cpg/StructureDefinition/cpg-knowledgeRepresentationLevel"><valueCode value="structured"/></extension><url value="https://www.netzwerk-universitaetsmedizin.de/fhir/cpg-on-ebmonfhir/example/ActivityDefinition/RecActionAdultPatientsPostoperativelyCheck3DCAMMorningShift"/><version value="0.2.0"/><name value="RecActionAdultPatientsPostoperativelyCheck3DCAMMorningShift"/><title value="Recommended Action for Population: Adult Surgical Patients Postoperatively on a Normal Ward, check 3-minute Diagnostic Interview for CAM-defined Delirium (3D-CAM) score during the morning shift"/><status value="draft"/><experimental value="true"/><subjectCodeableConcept><coding><system value="http://hl7.org/fhir/fhir-types"/><code value="Patient"/></coding></subjectCodeableConcept><date value="2024-04"/><publisher value="DIGIPOD"/><description value="Recommended Action for Adult Surgical Patients Postoperatively on a Normal Ward, check 3-minute Diagnostic Interview for CAM-defined Delirium (3D-CAM) score during the morning shift."/><kind value="ServiceRequest"/><code><coding><system value="https://www.charite.de/fhir/digipod/CodeSystem/digipod"/><code value="021"/><display value="3-minute Diagnostic Interview for CAM-defined Delirium score"/></coding></code><timingTiming><repeat><count value="1"/><when value="MORN"/></repeat></timingTiming></ActivityDefinition>