<?xml version="1.0" encoding="UTF-8"?><ActivityDefinition xmlns="http://hl7.org/fhir"><id value="RecActionAdultSurgicalPatientsNoSpecificBiomarkerWarning"/><meta><profile value="https://www.netzwerk-universitaetsmedizin.de/fhir/cpg-on-ebm-on-fhir/StructureDefinition/recommendation-action"/></meta><extension url="http://hl7.org/fhir/uv/cpg/StructureDefinition/cpg-knowledgeCapability"><valueCode value="computable"/></extension><extension url="http://hl7.org/fhir/uv/cpg/StructureDefinition/cpg-knowledgeRepresentationLevel"><valueCode value="structured"/></extension><url value="https://www.netzwerk-universitaetsmedizin.de/fhir/cpg-on-ebmonfhir/example/ActivityDefinition/RecActionAdultSurgicalPatientsNoSpecificBiomarkerWarning"/><version value="0.2.0"/><name value="RecActionAdultSurgicalPatientsNoSpecificBiomarkerWarning"/><title value="Recommended Action for Population: Adult Surgical Patients Pre- or Intraoperatively, do not suggest using any single specific biomarker to identify patients at risk of POD"/><status value="draft"/><experimental value="true"/><subjectCodeableConcept><coding><system value="http://hl7.org/fhir/fhir-types"/><code value="Patient"/></coding></subjectCodeableConcept><date value="2024-04"/><publisher value="DIGIPOD"/><description value="Recommended Action for Adult Surgical Patients Pre- or Intraoperatively, do not suggest using any single specific biomarker to identify patients at risk of postoperative delirium (POD) and show recommendation 3.4."/><kind value="CommunicationRequest"/><code><text value="We do not suggest using any single specific biomarker to identify patients at risk of POD."/></code></ActivityDefinition>