<?xml version="1.0" encoding="UTF-8"?><ActivityDefinition xmlns="http://hl7.org/fhir"><id value="RecActionOlderAdultPatientsPreoperativelyCheckElectrolytesRF"/><meta><profile value="https://www.netzwerk-universitaetsmedizin.de/fhir/cpg-on-ebm-on-fhir/StructureDefinition/recommendation-action"/></meta><extension url="http://hl7.org/fhir/uv/cpg/StructureDefinition/cpg-knowledgeCapability"><valueCode value="computable"/></extension><extension url="http://hl7.org/fhir/uv/cpg/StructureDefinition/cpg-knowledgeRepresentationLevel"><valueCode value="structured"/></extension><url value="https://www.netzwerk-universitaetsmedizin.de/fhir/cpg-on-ebmonfhir/example/ActivityDefinition/RecActionOlderAdultPatientsPreoperativelyCheckElectrolytesRF"/><version value="0.2.0"/><name value="RecActionOlderAdultPatientsPreoperativelyCheckElectrolytesRF"/><title value="Recommended Action for Population: Older Adult Surgical Patients Preoperatively, check for electrolyte disorders as risk factors for POD"/><status value="draft"/><experimental value="true"/><subjectCodeableConcept><coding><system value="http://hl7.org/fhir/fhir-types"/><code value="Patient"/></coding></subjectCodeableConcept><date value="2024-02"/><publisher value="DIGIPOD"/><description value="Recommended Action for Adult Surgical Patients Preoperatively, 70 years old or older, check for electrolyte disorders as risk factors for postoperative delirium (POD)"/><kind value="ServiceRequest"/><code><coding><system value="http://snomed.info/sct"/><code value="79301008"/><display value="Electrolytes measurement (procedure)"/></coding></code></ActivityDefinition>