<?xml version="1.0" encoding="UTF-8"?><Citation xmlns="http://hl7.org/fhir"><id value="Recommendation5.2Neuromonitoring"/><meta><profile value="https://www.netzwerk-universitaetsmedizin.de/fhir/cpg-on-ebm-on-fhir/StructureDefinition/recommendation-citation"/></meta><url value="https://www.netzwerk-universitaetsmedizin.de/fhir/cpg-on-ebmonfhir/example/Citation/Recommendation5.2Neuromonitoring"/><version value="0.2.0"/><name value="Recommendation5_2Neuromonitoring"/><title value="Recommendation 5.2: Neuromonitoring - Multi-parameter, intraoperative EEG monitoring during anesthesia"/><status value="draft"/><date value="2024-02"/><citedArtifact><identifier><value value="37599617-rec5.2"/></identifier><version><value value="1.0"/></version><currentState><coding><system value="http://hl7.org/fhir/cited-artifact-status-type"/><code value="published-final-form"/><display value="Published final form"/></coding></currentState><title><type><coding><system value="http://hl7.org/fhir/title-type"/><code value="primary"/><display value="Primary title"/></coding></type><language><coding><system value="urn:ietf:bcp:47"/><code value="en"/></coding></language><text value="Recommendation 5.2"/></title><part><type><coding><system value="http://hl7.org/fhir/cited-artifact-part-type"/><code value="paragraphs"/><display value="paragraphs"/></coding></type><value value="We suggest multi-parameter, intraoperative EEG monitoring (Burst suppression, DSA) during anaesthesia to decrease the risk of POD."/></part><relatesTo><type value="contained-in"/><resource value="https://www.netzwerk-universitaetsmedizin.de/fhir/cpg-on-ebmonfhir/example/Citation/ClinicalPracticeGuidelineESAICOnPostOpDeliriumInAdultPatients"/></relatesTo><classification><type><coding><system value="http://hl7.org/fhir/cited-artifact-classification-type"/><code value="publication-type"/><display value="Publication Type"/></coding></type><classifier><coding><system value="https://www.netzwerk-universitaetsmedizin.de/fhir/cpg-on-ebm-on-fhir/CodeSystem/ceosys-code-system"/><code value="guideline-recommendation"/><display value="Clinical practice guideline recommendation"/></coding></classifier></classification><contributorship><entry><contributor><reference value="Practitioner/SusanneKoch"/></contributor><affiliation><display value="Department of Anesthesiology and Intensive Care Medicine, Charité-Universitätsmedizin Berlin, Corporate Member of Freie Universität Berlin, and Humboldt Universität zu Berlin, Campus Charité Mitte, and Campus Virchow Klinikum"/></affiliation></entry><entry><contributor><reference value="Practitioner/NicolaLatronico"/></contributor><affiliation><display value="Department of Medical and Surgical Specialties, Radiological Sciences and Public Health, University of Brescia"/></affiliation><affiliation><display value="Department of Anesthesia, Critical Care and Emergency, Spedali Civili University Hospital, Brescia, Italy"/></affiliation></entry><entry><contributor><reference value="Practitioner/AlasdairMacLullich"/></contributor><affiliation><display value="Edinburgh Delirium Research Group, Ageing and Health, Usher Institute, University of Edinburgh, Edinburgh, United Kingdom"/></affiliation></entry><entry><contributor><reference value="Practitioner/SimonePiva"/></contributor><affiliation><display value="Department of Medical and Surgical Specialties, Radiological Sciences and Public Health, University of Brescia"/></affiliation><affiliation><display value="Department of Anesthesia, Critical Care and Emergency, Spedali Civili University Hospital, Brescia, Italy"/></affiliation></entry><entry><contributor><reference value="Practitioner/FinnRadtke"/></contributor><affiliation><display value="Department of Anaesthesia and Intensive Care, Nykoebing Hospital; University of Southern Denmark, SDU"/></affiliation></entry><entry><contributor><reference value="Practitioner/RobertSanders"/></contributor><affiliation><display value="Specialty of Anaesthetics &amp; NHMRC Clinical Trials Centre, University of Sydney &amp; Department of Anaesthetics and Institute of Academic Surgery, Royal Prince Alfred Hospital"/></affiliation></entry><entry><contributor><reference value="Practitioner/ConcezioneTommasino"/></contributor><affiliation><display value="Dental Anesthesia and Intensive Care Unit, Polo Universitario Ospedale San Paolo, Department of Biomedical, Surgical and Odontoiatric Sciences, University of Milano, Milano, Italy"/></affiliation></entry></contributorship></citedArtifact></Citation>