<?xml version="1.0" encoding="UTF-8"?><Citation xmlns="http://hl7.org/fhir"><id value="Recommendation0.2PostOperativeScreeningOfDelirium"/><meta><profile value="https://www.netzwerk-universitaetsmedizin.de/fhir/cpg-on-ebm-on-fhir/StructureDefinition/recommendation-citation"/></meta><url value="https://www.netzwerk-universitaetsmedizin.de/fhir/cpg-on-ebmonfhir/example/Citation/Recommendation0.2PostOperativeScreeningOfDelirium"/><version value="0.2.0"/><name value="Recommendation0_2PostOperativeScreeningOfDelirium"/><title value="RRecommendation 0.2: Postoperative screening of delirium"/><status value="draft"/><date value="2024-04"/><citedArtifact><identifier><value value="37599617-rec0.2"/></identifier><version><value value="1.0"/></version><currentState><coding><system value="http://hl7.org/fhir/cited-artifact-status-type"/><code value="published-final-form"/><display value="Published final form"/></coding></currentState><title><type><coding><system value="http://hl7.org/fhir/title-type"/><code value="primary"/><display value="Primary title"/></coding></type><language><coding><system value="urn:ietf:bcp:47"/><code value="en"/></coding></language><text value="Recommendation 0.2"/></title><part><type><coding><system value="http://hl7.org/fhir/cited-artifact-part-type"/><code value="paragraphs"/><display value="paragraphs"/></coding></type><value value="Delirium should be screened at least once per day (preferably two or three times per day) for at least 3 days, starting in the recovery room or in the PACU on the day of surgery or latest on postoperative day 1."/></part><relatesTo><type value="contained-in"/><resource value="https://www.netzwerk-universitaetsmedizin.de/fhir/cpg-on-ebmonfhir/example/Citation/ClinicalPracticeGuidelineESAICOnPostOpDeliriumInAdultPatients"/></relatesTo><classification><type><coding><system value="http://hl7.org/fhir/cited-artifact-classification-type"/><code value="publication-type"/><display value="Publication Type"/></coding></type><classifier><coding><system value="https://www.netzwerk-universitaetsmedizin.de/fhir/cpg-on-ebm-on-fhir/CodeSystem/ceosys-code-system"/><code value="guideline-recommendation"/><display value="Clinical practice guideline recommendation"/></coding></classifier></classification><contributorship><entry><contributor><reference value="Practitioner/CesarAldecoa"/></contributor><affiliation><display value="Department of Anaesthesia and Postoperative Critical Care, Hospital Universitario Rio Hortega, Valladolid, Spain"/></affiliation></entry><entry><contributor><reference value="Practitioner/GabriellaBettelli"/></contributor><affiliation><display value="Department of Biomedical Studies, University of the Republic of San Marino, San Marino"/></affiliation></entry><entry><contributor><reference value="Practitioner/FedericoBilotta"/></contributor><affiliation><display value="Department of Anesthesiology, Critical Care and Pain Medicine, 'Sapienza' University of Rome, Rome, Italy"/></affiliation></entry><entry><contributor><reference value="Practitioner/RobertSanders"/></contributor><affiliation><display value="Specialty of Anaesthetics &amp; NHMRC Clinical Trials Centre, University of Sydney &amp; Department of Anaesthetics and Institute of Academic Surgery, Royal Prince Alfred Hospital"/></affiliation></entry><entry><contributor><reference value="Practitioner/PaolaAceto"/></contributor><affiliation><display value="Dipartimento di Scienze dell'Emergenza, Anestesiologiche e della Rianimazione, Fondazione Policlinico Universitario A. Gemelli IRCCS, Rome, Italy"/></affiliation><affiliation><display value="Dipartimento di Scienze Biotecnologiche di Base, Cliniche Intensivologiche e Perioperatorie, Università Cattolica del Sacro Cuore, Rome, Italy"/></affiliation></entry><entry><contributor><reference value="Practitioner/RiccardoAudisio"/></contributor><affiliation><display value="Department of Surgery, Institute of Clinical Sciences, Sahlgrenska University Hospital, Göteborg, Sweden"/></affiliation></entry><entry><contributor><reference value="Practitioner/AntonioCherubini"/></contributor><affiliation><display value="Geriatria, Accettazione Geriatrica e Centro di ricerca per l'invecchiamento, IRCCS INRCA, Ancona, Italy"/></affiliation></entry><entry><contributor><reference value="Practitioner/ColmCunningham"/></contributor><affiliation><display value="School of Biochemistry and Immunology and Trinity College Institute of Neuroscience, Trinity College, Dublin, Ireland"/></affiliation></entry><entry><contributor><reference value="Practitioner/WojciechDabrowski"/></contributor><affiliation><display value="First Department of Anaesthesiology and Intensive Care Medical University of Lublin, Poland"/></affiliation></entry><entry><contributor><reference value="Practitioner/AliForookhi"/></contributor><affiliation><display value="Department of Anesthesiology, Critical Care and Pain Medicine, 'Sapienza' University of Rome, Rome, Italy"/></affiliation></entry><entry><contributor><reference value="Practitioner/NicolaGitti"/></contributor><affiliation><display value="Department of Medical and Surgical Specialties, Radiological Sciences and Public Health, University of Brescia"/></affiliation></entry><entry><contributor><reference value="Practitioner/KatiImmonen"/></contributor><affiliation><display value="Research Unit of Nursing Science and Health Management, University of Oulu, Oulu, Finland"/></affiliation></entry><entry><contributor><reference value="Practitioner/HenrikKehlet"/></contributor><affiliation><display value="Section of Surgical Pathophysiology, Copenhagen University Hospital, Rigshospitalet, Copenhagen, Denmark"/></affiliation></entry><entry><contributor><reference value="Practitioner/SusanneKoch"/></contributor><affiliation><display value="Department of Anesthesiology and Intensive Care Medicine, Charité-Universitätsmedizin Berlin, Corporate Member of Freie Universität Berlin, and Humboldt Universität zu Berlin, Campus Charité Mitte, and Campus Virchow Klinikum"/></affiliation></entry><entry><contributor><reference value="Practitioner/KatarzynaKotfis"/></contributor><affiliation><display value="Department of Anesthesiology, Intensive Therapy and Acute Intoxications, Pomeranian Medical University in Szczecin, Poland"/></affiliation></entry><entry><contributor><reference value="Practitioner/NicolaLatronico"/></contributor><affiliation><display value="Department of Medical and Surgical Specialties, Radiological Sciences and Public Health, University of Brescia"/></affiliation><affiliation><display value="Department of Anesthesia, Critical Care and Emergency, Spedali Civili University Hospital, Brescia, Italy"/></affiliation></entry><entry><contributor><reference value="Practitioner/AlasdairMacLullich"/></contributor><affiliation><display value="Edinburgh Delirium Research Group, Ageing and Health, Usher Institute, University of Edinburgh, Edinburgh, United Kingdom"/></affiliation></entry><entry><contributor><reference value="Practitioner/LiorMevorach"/></contributor><affiliation><display value="Department of Anesthesiology, Critical Care and Pain Medicine, 'Sapienza' University of Rome, Rome, Italy"/></affiliation></entry><entry><contributor><reference value="Practitioner/AnikaMueller"/></contributor><affiliation><display value="Department of Anesthesiology and Intensive Care Medicine, Charité-Universitätsmedizin Berlin, Corporate Member of Freie Universität Berlin, and Humboldt Universität zu Berlin, Campus Charité Mitte, and Campus Virchow Klinikum"/></affiliation></entry><entry><contributor><reference value="Practitioner/BrunoNeuner"/></contributor><affiliation><display value="Department of Anesthesiology and Intensive Care Medicine, Charité-Universitätsmedizin Berlin, Corporate Member of Freie Universität Berlin, and Humboldt Universität zu Berlin, Campus Charité Mitte, and Campus Virchow Klinikum"/></affiliation></entry><entry><contributor><reference value="Practitioner/SimonePiva"/></contributor><affiliation><display value="Department of Medical and Surgical Specialties, Radiological Sciences and Public Health, University of Brescia"/></affiliation><affiliation><display value="Department of Anesthesia, Critical Care and Emergency, Spedali Civili University Hospital, Brescia, Italy"/></affiliation></entry><entry><contributor><reference value="Practitioner/FinnRadtke"/></contributor><affiliation><display value="Department of Anaesthesia and Intensive Care, Nykoebing Hospital; University of Southern Denmark, SDU"/></affiliation></entry><entry><contributor><reference value="Practitioner/AnnikaReintamBlaser"/></contributor><affiliation><display value="Department of Anaesthesiology and Intensive Care, University of Tartu, Tartu, Estonia"/></affiliation><affiliation><display value="Center for Intensive Care Medicine, Luzerner Kantonsspital, Lucerne, Switzerland"/></affiliation></entry><entry><contributor><reference value="Practitioner/StefaniaRenzi"/></contributor><affiliation><display value="Department of Medical and Surgical Specialties, Radiological Sciences and Public Health, University of Brescia"/></affiliation></entry><entry><contributor><reference value="Practitioner/StefanoRomagnoli"/></contributor><affiliation><display value="Department of Health Science, Section of Anesthesiology, University of Florence; Department of Anaesthesia and Critical Care, Azienda Ospedaliero-Universitaria Careggi, Florence, Italy"/></affiliation></entry><entry><contributor><reference value="Practitioner/MariaSchubert"/></contributor><affiliation><display value="School of Health Sciences, Institute of Nursing, ZHAW Zurich University of Applied Science, Winterthur, Switzerland"/></affiliation></entry><entry><contributor><reference value="Practitioner/ArjenSlooter"/></contributor><affiliation><display value="Departments of Psychiatry and Intensive Care Medicine, UMC Utrecht Brain Center, University Medical Center Utrecht, Utrecht University, Utrecht, the Netherlands and Department of Neurology, UZ Brussel and Vrije Universiteit Brussel, Brussels, Belgium"/></affiliation></entry><entry><contributor><reference value="Practitioner/ClaudiaSpies"/></contributor><affiliation><display value="Department of Anesthesiology and Intensive Care Medicine, Charité-Universitätsmedizin Berlin, Corporate Member of Freie Universität Berlin, and Humboldt Universität zu Berlin, Campus Charité Mitte, and Campus Virchow Klinikum"/></affiliation></entry><entry><contributor><reference value="Practitioner/ConcezioneTommasino"/></contributor><affiliation><display value="Dental Anesthesia and Intensive Care Unit, Polo Universitario Ospedale San Paolo, Department of Biomedical, Surgical and Odontoiatric Sciences, University of Milano, Milano, Italy"/></affiliation></entry><entry><contributor><reference value="Practitioner/LisaVasiljewa"/></contributor><affiliation><display value="Department of Anesthesiology and Intensive Care Medicine, Charité-Universitätsmedizin Berlin, Corporate Member of Freie Universität Berlin, and Humboldt Universität zu Berlin, Campus Charité Mitte, and Campus Virchow Klinikum"/></affiliation></entry><entry><contributor><reference value="Practitioner/BjoernWeiss"/></contributor><affiliation><display value="Department of Anesthesiology and Intensive Care Medicine, Charité-Universitätsmedizin Berlin, Corporate Member of Freie Universität Berlin, and Humboldt Universität zu Berlin, Campus Charité Mitte, and Campus Virchow Klinikum"/></affiliation></entry><entry><contributor><reference value="Practitioner/FatimaYuerek"/></contributor><affiliation><display value="Department of Anesthesiology and Intensive Care Medicine, Charité-Universitätsmedizin Berlin, Corporate Member of Freie Universität Berlin, and Humboldt Universität zu Berlin, Campus Charité Mitte, and Campus Virchow Klinikum"/></affiliation></entry></contributorship></citedArtifact></Citation>