<?xml version="1.0" encoding="UTF-8"?><Citation xmlns="http://hl7.org/fhir"><id value="Recommendation4.2PrevMeasuresIINonPharmacologicalInterventions"/><meta><profile value="https://www.netzwerk-universitaetsmedizin.de/fhir/cpg-on-ebm-on-fhir/StructureDefinition/recommendation-citation"/></meta><url value="https://www.netzwerk-universitaetsmedizin.de/fhir/cpg-on-ebmonfhir/example/Citation/Recommendation4.2PrevMeasuresIINonPharmacologicalInterventions"/><version value="0.2.0"/><name value="Recommendation4_2PrevMeasuresIINonPharmacologicalInterventions"/><title value="Recommendation 4.2: Preventive Measures II (Non Pharmacological Interventions) - Sharing, discussing and documenting results of risk factors and preventive strategies"/><status value="draft"/><date value="2024-02"/><citedArtifact><identifier><value value="37599617-rec4.2"/></identifier><version><value value="1.0"/></version><currentState><coding><system value="http://hl7.org/fhir/cited-artifact-status-type"/><code value="published-final-form"/><display value="Published final form"/></coding></currentState><title><type><coding><system value="http://hl7.org/fhir/title-type"/><code value="primary"/><display value="Primary title"/></coding></type><language><coding><system value="urn:ietf:bcp:47"/><code value="en"/></coding></language><text value="Recommendation 4.2"/></title><part><type><coding><system value="http://hl7.org/fhir/cited-artifact-part-type"/><code value="paragraphs"/><display value="paragraphs"/></coding></type><value value="We recommend that the results of the screening for POD risk factors are shared among the care team and the preventive strategies discussed and registered in the medical records."/></part><relatesTo><type value="contained-in"/><resource value="https://www.netzwerk-universitaetsmedizin.de/fhir/cpg-on-ebmonfhir/example/Citation/ClinicalPracticeGuidelineESAICOnPostOpDeliriumInAdultPatients"/></relatesTo><classification><type><coding><system value="http://hl7.org/fhir/cited-artifact-classification-type"/><code value="publication-type"/><display value="Publication Type"/></coding></type><classifier><coding><system value="https://www.netzwerk-universitaetsmedizin.de/fhir/cpg-on-ebm-on-fhir/CodeSystem/ceosys-code-system"/><code value="guideline-recommendation"/><display value="Clinical practice guideline recommendation"/></coding></classifier></classification><contributorship><entry><contributor><reference value="Practitioner/GabriellaBettelli"/></contributor><affiliation><display value="Department of Biomedical Studies, University of the Republic of San Marino, San Marino"/></affiliation></entry><entry><contributor><reference value="Practitioner/PaolaAceto"/></contributor><affiliation><display value="Dipartimento di Scienze dell'Emergenza, Anestesiologiche e della Rianimazione, Fondazione Policlinico Universitario A. Gemelli IRCCS, Rome, Italy"/></affiliation><affiliation><display value="Dipartimento di Scienze Biotecnologiche di Base, Cliniche Intensivologiche e Perioperatorie, Università Cattolica del Sacro Cuore, Rome, Italy"/></affiliation></entry><entry><contributor><reference value="Practitioner/RiccardoAudisio"/></contributor><affiliation><display value="Department of Surgery, Institute of Clinical Sciences, Sahlgrenska University Hospital, Göteborg, Sweden"/></affiliation></entry><entry><contributor><reference value="Practitioner/AntonioCherubini"/></contributor><affiliation><display value="Geriatria, Accettazione Geriatrica e Centro di ricerca per l'invecchiamento, IRCCS INRCA, Ancona, Italy"/></affiliation></entry><entry><contributor><reference value="Practitioner/BrunoNeuner"/></contributor><affiliation><display value="Department of Anesthesiology and Intensive Care Medicine, Charité-Universitätsmedizin Berlin, Corporate Member of Freie Universität Berlin, and Humboldt Universität zu Berlin, Campus Charité Mitte, and Campus Virchow Klinikum"/></affiliation></entry><entry><contributor><reference value="Practitioner/MariaSchubert"/></contributor><affiliation><display value="School of Health Sciences, Institute of Nursing, ZHAW Zurich University of Applied Science, Winterthur, Switzerland"/></affiliation></entry><entry><contributor><reference value="Practitioner/FatimaYuerek"/></contributor><affiliation><display value="Department of Anesthesiology and Intensive Care Medicine, Charité-Universitätsmedizin Berlin, Corporate Member of Freie Universität Berlin, and Humboldt Universität zu Berlin, Campus Charité Mitte, and Campus Virchow Klinikum"/></affiliation></entry></contributorship></citedArtifact></Citation>