<?xml version="1.0" encoding="UTF-8"?><Citation xmlns="http://hl7.org/fhir"><id value="Recommendation3.2PrevMeasuresIEffectsOfDrugsOnPODPrevention"/><meta><profile value="https://www.netzwerk-universitaetsmedizin.de/fhir/cpg-on-ebm-on-fhir/StructureDefinition/recommendation-citation"/></meta><url value="https://www.netzwerk-universitaetsmedizin.de/fhir/cpg-on-ebmonfhir/example/Citation/Recommendation3.2PrevMeasuresIEffectsOfDrugsOnPODPrevention"/><version value="0.2.0"/><name value="Recommendation3_2PrevMeasuresIEffectsOfDrugsOnPODPrevention"/><title value="Recommendation 3.2: Preventive Measures I (Effects of Drugs on POD prevention) - Preventive dexmedetomidine administration intra- or postoperative"/><status value="draft"/><date value="2024-02"/><citedArtifact><identifier><value value="37599617-rec3.2"/></identifier><version><value value="1.0"/></version><currentState><coding><system value="http://hl7.org/fhir/cited-artifact-status-type"/><code value="published-final-form"/><display value="Published final form"/></coding></currentState><title><type><coding><system value="http://hl7.org/fhir/title-type"/><code value="primary"/><display value="Primary title"/></coding></type><language><coding><system value="urn:ietf:bcp:47"/><code value="en"/></coding></language><text value="Recommendation 3.2"/></title><part><type><coding><system value="http://hl7.org/fhir/cited-artifact-part-type"/><code value="paragraphs"/><display value="paragraphs"/></coding></type><value value="When dexmedetomidine is used intra- or postoperatively with the aim to prevent POD, we recommend balancing the expected benefits against the most important side effects (bradycardia and hypotension)."/></part><relatesTo><type value="contained-in"/><resource value="https://www.netzwerk-universitaetsmedizin.de/fhir/cpg-on-ebmonfhir/example/Citation/ClinicalPracticeGuidelineESAICOnPostOpDeliriumInAdultPatients"/></relatesTo><classification><type><coding><system value="http://hl7.org/fhir/cited-artifact-classification-type"/><code value="publication-type"/><display value="Publication Type"/></coding></type><classifier><coding><system value="https://www.netzwerk-universitaetsmedizin.de/fhir/cpg-on-ebm-on-fhir/CodeSystem/ceosys-code-system"/><code value="guideline-recommendation"/><display value="Clinical practice guideline recommendation"/></coding></classifier></classification><contributorship><entry><contributor><reference value="Practitioner/KatarzynaKotfis"/></contributor><affiliation><display value="Department of Anesthesiology, Intensive Therapy and Acute Intoxications, Pomeranian Medical University in Szczecin, Poland"/></affiliation></entry><entry><contributor><reference value="Practitioner/AnnikaReintamBlaser"/></contributor><affiliation><display value="Department of Anaesthesiology and Intensive Care, University of Tartu, Tartu, Estonia"/></affiliation><affiliation><display value="Center for Intensive Care Medicine, Luzerner Kantonsspital, Lucerne, Switzerland"/></affiliation></entry><entry><contributor><reference value="Practitioner/AntonioCherubini"/></contributor><affiliation><display value="Geriatria, Accettazione Geriatrica e Centro di ricerca per l'invecchiamento, IRCCS INRCA, Ancona, Italy"/></affiliation></entry><entry><contributor><reference value="Practitioner/WojciechDabrowski"/></contributor><affiliation><display value="First Department of Anaesthesiology and Intensive Care Medical University of Lublin, Poland"/></affiliation></entry><entry><contributor><reference value="Practitioner/NicolaGitti"/></contributor><affiliation><display value="Department of Medical and Surgical Specialties, Radiological Sciences and Public Health, University of Brescia"/></affiliation></entry><entry><contributor><reference value="Practitioner/NicolaLatronico"/></contributor><affiliation><display value="Department of Medical and Surgical Specialties, Radiological Sciences and Public Health, University of Brescia"/></affiliation><affiliation><display value="Department of Anesthesia, Critical Care and Emergency, Spedali Civili University Hospital, Brescia, Italy"/></affiliation></entry><entry><contributor><reference value="Practitioner/BrunoNeuner"/></contributor><affiliation><display value="Department of Anesthesiology and Intensive Care Medicine, Charité-Universitätsmedizin Berlin, Corporate Member of Freie Universität Berlin, and Humboldt Universität zu Berlin, Campus Charité Mitte, and Campus Virchow Klinikum"/></affiliation></entry><entry><contributor><reference value="Practitioner/SimonePiva"/></contributor><affiliation><display value="Department of Medical and Surgical Specialties, Radiological Sciences and Public Health, University of Brescia"/></affiliation><affiliation><display value="Department of Anesthesia, Critical Care and Emergency, Spedali Civili University Hospital, Brescia, Italy"/></affiliation></entry><entry><contributor><reference value="Practitioner/StefaniaRenzi"/></contributor><affiliation><display value="Department of Medical and Surgical Specialties, Radiological Sciences and Public Health, University of Brescia"/></affiliation></entry></contributorship></citedArtifact></Citation>