<?xml version="1.0" encoding="UTF-8"?><Citation xmlns="http://hl7.org/fhir"><id value="Recommendation6.2PharmacologicalTreatmentOfPODAndPODOutcomes"/><meta><profile value="https://www.netzwerk-universitaetsmedizin.de/fhir/cpg-on-ebm-on-fhir/StructureDefinition/recommendation-citation"/></meta><url value="https://www.netzwerk-universitaetsmedizin.de/fhir/cpg-on-ebmonfhir/example/Citation/Recommendation6.2PharmacologicalTreatmentOfPODAndPODOutcomes"/><version value="0.2.0"/><name value="Recommendation6_2PharmacologicalTreatmentOfPODAndPODOutcomes"/><title value="Recommendation 6.2: Pharmacological Treatment of POD and POD Outcomes - Benzodiazepines as treatment"/><status value="draft"/><date value="2024-02"/><citedArtifact><identifier><value value="37599617-rec6.2"/></identifier><version><value value="1.0"/></version><currentState><coding><system value="http://hl7.org/fhir/cited-artifact-status-type"/><code value="published-final-form"/><display value="Published final form"/></coding></currentState><title><type><coding><system value="http://hl7.org/fhir/title-type"/><code value="primary"/><display value="Primary title"/></coding></type><language><coding><code value="en"/></coding></language><text value="Recommendation 6.2"/></title><part><type><coding><system value="http://hl7.org/fhir/cited-artifact-part-type"/><code value="paragraphs"/><display value="paragraphs"/></coding></type><value value="The use of benzodiazepines for the treatment of delirium in postoperative patients is not suggested. The evidence for the benefits of benzodiazepine therapy for treating POD symptoms or the underlying causes is very low to non-existent. This recommendation is not to be confused with delirium in the context of alcohol withdrawal, where benzodiazepines are recommended symptom orientated as the first-line medication (in a bolus-titrated dosage, lowest as possible)."/></part><relatesTo><type value="contained-in"/><resource value="https://www.netzwerk-universitaetsmedizin.de/fhir/cpg-on-ebmonfhir/example/Citation/ClinicalPracticeGuidelineESAICOnPostOpDeliriumInAdultPatients"/></relatesTo><classification><type><coding><system value="http://hl7.org/fhir/cited-artifact-classification-type"/><code value="publication-type"/><display value="Publication Type"/></coding></type><classifier><coding><system value="https://www.netzwerk-universitaetsmedizin.de/fhir/cpg-on-ebm-on-fhir/CodeSystem/ceosys-code-system"/><code value="guideline-recommendation"/><display value="Clinical practice guideline recommendation"/></coding></classifier></classification><contributorship><entry><contributor><reference value="Practitioner/ClaudiaSpies"/></contributor><affiliation><display value="Department of Anesthesiology and Intensive Care Medicine, Charité-Universitätsmedizin Berlin, Corporate Member of Freie Universität Berlin, and Humboldt Universität zu Berlin, Campus Charité Mitte, and Campus Virchow Klinikum"/></affiliation></entry><entry><contributor><reference value="Practitioner/NicolaLatronico"/></contributor><affiliation><display value="Department of Medical and Surgical Specialties, Radiological Sciences and Public Health, University of Brescia"/></affiliation><affiliation><display value="Department of Anesthesia, Critical Care and Emergency, Spedali Civili University Hospital, Brescia, Italy"/></affiliation></entry><entry><contributor><reference value="Practitioner/AlasdairMacLullich"/></contributor><affiliation><display value="Edinburgh Delirium Research Group, Ageing and Health, Usher Institute, University of Edinburgh, Edinburgh, United Kingdom"/></affiliation></entry><entry><contributor><reference value="Practitioner/AnikaMueller"/></contributor><affiliation><display value="Department of Anesthesiology and Intensive Care Medicine, Charité-Universitätsmedizin Berlin, Corporate Member of Freie Universität Berlin, and Humboldt Universität zu Berlin, Campus Charité Mitte, and Campus Virchow Klinikum"/></affiliation></entry><entry><contributor><reference value="Practitioner/FinnRadtke"/></contributor><affiliation><display value="Department of Anaesthesia and Intensive Care, Nykoebing Hospital; University of Southern Denmark, SDU"/></affiliation></entry><entry><contributor><reference value="Practitioner/LisaVasiljewa"/></contributor><affiliation><display value="Department of Anesthesiology and Intensive Care Medicine, Charité-Universitätsmedizin Berlin, Corporate Member of Freie Universität Berlin, and Humboldt Universität zu Berlin, Campus Charité Mitte, and Campus Virchow Klinikum"/></affiliation></entry></contributorship></citedArtifact></Citation>