<?xml version="1.0" encoding="UTF-8"?><Citation xmlns="http://hl7.org/fhir"><id value="Recommendation2.1RiskFactors"/><meta><profile value="https://www.netzwerk-universitaetsmedizin.de/fhir/cpg-on-ebm-on-fhir/StructureDefinition/recommendation-citation"/></meta><url value="https://www.netzwerk-universitaetsmedizin.de/fhir/cpg-on-ebmonfhir/example/Citation/Recommendation2.1RiskFactors"/><version value="0.2.0"/><name value="Recommendation2_1RiskFactors"/><title value="Recommendation 2.1: Preoperative Risk Factors"/><status value="draft"/><date value="2024-02"/><citedArtifact><identifier><value value="37599617-rec2.1"/></identifier><version><value value="1.0"/></version><currentState><coding><system value="http://hl7.org/fhir/cited-artifact-status-type"/><code value="published-final-form"/><display value="Published final form"/></coding></currentState><title><type><coding><system value="http://hl7.org/fhir/title-type"/><code value="primary"/><display value="Primary title"/></coding></type><language><coding><system value="urn:ietf:bcp:47"/><code value="en"/></coding></language><text value="Recommendation 2.1"/></title><part><type><coding><system value="http://hl7.org/fhir/cited-artifact-part-type"/><code value="paragraphs"/><display value="paragraphs"/></coding></type><value value="We recommend evaluating the following preoperative risk factors for POD:&#xA;        (1) Older age&#xA;        (2) American Society of Anesthesiology Physical status score &gt; 2&#xA;        (3) Charlson Comorbidity Index ≥ 2&#xA;        (4) Mini Mental State Examination score &lt; 25 points"/></part><relatesTo><type value="contained-in"/><resource value="https://www.netzwerk-universitaetsmedizin.de/fhir/cpg-on-ebmonfhir/example/Citation/ClinicalPracticeGuidelineESAICOnPostOpDeliriumInAdultPatients"/></relatesTo><classification><type><coding><system value="http://hl7.org/fhir/cited-artifact-classification-type"/><code value="publication-type"/><display value="Publication Type"/></coding></type><classifier><coding><system value="https://www.netzwerk-universitaetsmedizin.de/fhir/cpg-on-ebm-on-fhir/CodeSystem/ceosys-code-system"/><code value="guideline-recommendation"/><display value="Clinical practice guideline recommendation"/></coding></classifier></classification><contributorship><entry><contributor><reference value="Practitioner/FedericoBilotta"/></contributor><affiliation><display value="Department of Anesthesiology, Critical Care and Pain Medicine, 'Sapienza' University of Rome, Rome, Italy"/></affiliation></entry><entry><contributor><reference value="Practitioner/AliForookhi"/></contributor><affiliation><display value="Department of Anesthesiology, Critical Care and Pain Medicine, 'Sapienza' University of Rome, Rome, Italy"/></affiliation></entry><entry><contributor><reference value="Practitioner/HenrikKehlet"/></contributor><affiliation><display value="Section of Surgical Pathophysiology, Copenhagen University Hospital, Rigshospitalet, Copenhagen, Denmark"/></affiliation></entry><entry><contributor><reference value="Practitioner/LiorMevorach"/></contributor><affiliation><display value="Department of Anesthesiology, Critical Care and Pain Medicine, 'Sapienza' University of Rome, Rome, Italy"/></affiliation></entry><entry><contributor><reference value="Practitioner/StefanoRomagnoli"/></contributor><affiliation><display value="Department of Health Science, Section of Anesthesiology, University of Florence; Department of Anaesthesia and Critical Care, Azienda Ospedaliero-Universitaria Careggi, Florence, Italy"/></affiliation></entry></contributorship></citedArtifact></Citation>