<?xml version="1.0" encoding="UTF-8"?><EvidenceVariable xmlns="http://hl7.org/fhir"><id value="PopAdultPatientsAtRiskForPOD"/><meta><profile value="https://www.netzwerk-universitaetsmedizin.de/fhir/cpg-on-ebm-on-fhir/StructureDefinition/recommendation-eligibility-criteria"/></meta><url value="https://www.netzwerk-universitaetsmedizin.de/fhir/cpg-on-ebmonfhir/example/EvidenceVariable/PopAdultPatientsAtRiskForPOD"/><version value="0.2.0"/><name value="PopAdultPatientsAtRiskForPOD"/><title value="Population: Adult Surgical Patients Preoperative at Risk for POD"/><status value="draft"/><date value="2024-02"/><description value="Population for guideline 4.1 from https://pubmed.ncbi.nlm.nih.gov/37599617/: Adult patients, preoperative, being at risk for postoperative delirium"/><characteristic><exclude value="false"/><definitionByCombination><code value="all-of"/><characteristic><exclude value="false"/><definitionByCombination><code value="all-of"/><characteristic><exclude value="false"/><definitionByTypeAndValue><type><coding><system value="http://snomed.info/sct"/><code value="71388002"/><display value="Procedure (procedure)"/></coding></type><valueCodeableConcept><coding><system value="http://snomed.info/sct"/><code value="387713003"/><display value="Surgical procedure (procedure)"/></coding></valueCodeableConcept></definitionByTypeAndValue></characteristic><characteristic><exclude value="false"/><definitionByCombination><code value="any-of"/><characteristic><definitionByTypeAndValue><type><coding><system value="http://snomed.info/sct"/><code value="272125009"/><display value="Priorities (qualifier value)"/></coding></type><valueCodeableConcept><coding><system value="http://snomed.info/sct"/><code value="103390000"/><display value="Elective (qualifier value)"/></coding></valueCodeableConcept></definitionByTypeAndValue></characteristic><characteristic><definitionByTypeAndValue><type><coding><system value="http://snomed.info/sct"/><code value="272125009"/><display value="Priorities (qualifier value)"/></coding></type><valueCodeableConcept><coding><system value="http://snomed.info/sct"/><code value="88694003"/><display value="Immediate (qualifier value)"/></coding></valueCodeableConcept></definitionByTypeAndValue></characteristic></definitionByCombination></characteristic></definitionByCombination></characteristic><characteristic><definitionByCombination><code value="any-of"/><characteristic><exclude value="false"/><definitionByTypeAndValue><type><coding><system value="http://snomed.info/sct"/><code value="424144002"/><display value="Current chronological age (observable entity)"/></coding></type><valueRange><low><value value="70"/><unit value="years"/><system value="http://unitsofmeasure.org"/><code value="a"/></low><high><value value="100"/><unit value="years"/><system value="http://unitsofmeasure.org"/><code value="a"/></high></valueRange></definitionByTypeAndValue></characteristic><characteristic><exclude value="false"/><definitionByTypeAndValue><type><coding><system value="http://snomed.info/sct"/><code value="302132005"/><display value="American Society of Anesthesiologists physical status class (observable entity)"/></coding></type><valueRange><low><value value="3"/></low><high><value value="6"/></high></valueRange></definitionByTypeAndValue></characteristic><characteristic><exclude value="false"/><definitionByTypeAndValue><type><coding><system value="https://www.charite.de/fhir/digipod/CodeSystem/digipod"/><code value="009"/><display value="Result of Charlson Comorbidity Index"/></coding></type><valueRange><low><value value="2"/></low><high><value value="29"/></high></valueRange></definitionByTypeAndValue></characteristic><characteristic><exclude value="false"/><definitionByTypeAndValue><type><coding><system value="http://snomed.info/sct"/><code value="447316007"/><display value="Mini-mental state examination score (observable entity)"/></coding></type><valueRange><low><value value="0"/></low><high><value value="24"/></high></valueRange></definitionByTypeAndValue></characteristic><characteristic><exclude value="false"/><definitionByTypeAndValue><type><coding><system value="http://snomed.info/sct"/><code value="1255891005"/><display value="Montreal Cognitive Assessment version 8.1 score (observable entity)"/></coding></type><valueRange><low><value value="0"/></low><high><value value="25"/></high></valueRange></definitionByTypeAndValue></characteristic><characteristic><exclude value="false"/><definitionByTypeAndValue><type><coding><system value="https://www.charite.de/fhir/digipod/CodeSystem/digipod"/><code value="012"/><display value="Result of Addenbrooke cognitive examination revised"/></coding></type><valueRange><low><value value="0"/></low><high><value value="87"/></high></valueRange></definitionByTypeAndValue></characteristic></definitionByCombination></characteristic></definitionByCombination><timeFromEvent><description value="preoperative"/><eventCodeableConcept><coding><system value="https://www.charite.de/fhir/digipod/CodeSystem/digipod"/><code value="007"/><display value="Date of surgical procedure"/></coding></eventCodeableConcept><range><low><value value="-1008"/><unit value="hour"/><system value="http://unitsofmeasure.org"/><code value="h"/></low><high><value value="-2"/><unit value="hour"/><system value="http://unitsofmeasure.org"/><code value="h"/></high></range></timeFromEvent></characteristic></EvidenceVariable>