<?xml version="1.0" encoding="UTF-8"?><EvidenceVariable xmlns="http://hl7.org/fhir"><id value="PopAdultSurgicalPatientsPreoperativelyWithPositiveMiniCog"/><meta><profile value="https://www.netzwerk-universitaetsmedizin.de/fhir/cpg-on-ebm-on-fhir/StructureDefinition/recommendation-eligibility-criteria"/></meta><url value="https://www.netzwerk-universitaetsmedizin.de/fhir/cpg-on-ebmonfhir/example/EvidenceVariable/PopAdultSurgicalPatientsPreoperativelyWithPositiveMiniCog"/><version value="0.2.0"/><name value="PopAdultSurgicalPatientsPreoperativelyWithPositiveMiniCog"/><title value="Population: Adult Surgical Patients Preoperatively with Positive Mini-cog Test Score"/><status value="draft"/><date value="2024-02"/><description value="Population for guideline 2.1 from https://pubmed.ncbi.nlm.nih.gov/37599617/: Adult patients, preoperative, that had a positive Mini-cog test score"/><characteristic><exclude value="false"/><definitionByCombination><code value="all-of"/><characteristic><exclude value="false"/><definitionByTypeAndValue><type><coding><system value="http://snomed.info/sct"/><code value="424144002"/><display value="Current chronological age (observable entity)"/></coding></type><valueRange><low><value value="18"/><unit value="years"/><system value="http://unitsofmeasure.org"/><code value="a"/></low></valueRange></definitionByTypeAndValue></characteristic><characteristic><exclude value="false"/><definitionByTypeAndValue><type><coding><system value="http://snomed.info/sct"/><code value="71388002"/><display value="Procedure (procedure)"/></coding></type><valueCodeableConcept><coding><system value="http://snomed.info/sct"/><code value="387713003"/><display value="Surgical procedure (procedure)"/></coding></valueCodeableConcept></definitionByTypeAndValue></characteristic><characteristic><exclude value="false"/><definitionByTypeAndValue><type><coding><system value="http://snomed.info/sct"/><code value="713408000"/><display value="Mini-Cog brief cognitive screening test score (observable entity)"/></coding></type><valueRange><low><value value="3"/></low></valueRange></definitionByTypeAndValue></characteristic></definitionByCombination><timeFromEvent><description value="Preoperatively - time period of pre-anesthetic assessment"/><eventCodeableConcept><coding><system value="https://www.charite.de/fhir/digipod/CodeSystem/digipod"/><code value="007"/><display value="Date of surgical procedure"/></coding></eventCodeableConcept><range><low><value value="-1008"/><unit value="hour"/><system value="http://unitsofmeasure.org"/><code value="h"/></low><high><value value="-2"/><unit value="hour"/><system value="http://unitsofmeasure.org"/><code value="h"/></high></range></timeFromEvent></characteristic></EvidenceVariable>