<?xml version="1.0" encoding="UTF-8"?><EvidenceVariable xmlns="http://hl7.org/fhir"><id value="PopAdultPatientsPreAndIntraoperativelyGeneral"/><meta><profile value="https://www.netzwerk-universitaetsmedizin.de/fhir/cpg-on-ebm-on-fhir/StructureDefinition/recommendation-eligibility-criteria"/></meta><url value="https://www.netzwerk-universitaetsmedizin.de/fhir/cpg-on-ebmonfhir/example/EvidenceVariable/PopAdultPatientsPreAndIntraoperativelyGeneral"/><version value="0.2.0"/><name value="PopAdultPatientsPreAndIntraoperativelyGeneral"/><title value="Population: General Adult Surgical Patients Pre- and Intraoperatively"/><status value="draft"/><date value="2024-04"/><description value="Population for guidelines 3.3 and 3.4 from https://pubmed.ncbi.nlm.nih.gov/37599617/: Adult patients, pre- and/or intraoperatively"/><characteristic><exclude value="false"/><definitionByCombination><code value="all-of"/><characteristic><exclude value="false"/><definitionByTypeAndValue><type><coding><system value="http://snomed.info/sct"/><code value="424144002"/><display value="Current chronological age (observable entity)"/></coding></type><valueRange><low><value value="18"/><unit value="years"/><system value="http://unitsofmeasure.org"/><code value="a"/></low></valueRange></definitionByTypeAndValue></characteristic><characteristic><exclude value="false"/><definitionByTypeAndValue><type><coding><system value="http://snomed.info/sct"/><code value="71388002"/><display value="Procedure (procedure)"/></coding></type><valueCodeableConcept><coding><system value="http://snomed.info/sct"/><code value="387713003"/><display value="Surgical procedure (procedure)"/></coding></valueCodeableConcept></definitionByTypeAndValue></characteristic></definitionByCombination><timeFromEvent><description value="End time of surgical intervention"/><eventCodeableConcept><coding><system value="http://snomed.info/sct"/><code value="442137000"/><display value="Completion time of procedure (observable entity)"/></coding></eventCodeableConcept><range><low><value value="-1008"/><unit value="hour"/><system value="http://unitsofmeasure.org"/><code value="h"/></low><high><value value="0"/><unit value="hour"/><system value="http://unitsofmeasure.org"/><code value="h"/></high></range></timeFromEvent></characteristic></EvidenceVariable>