<?xml version="1.0" encoding="UTF-8"?><EvidenceVariable xmlns="http://hl7.org/fhir"><id value="PopAdultPatientsPostoperativelyOnNormalWardWithRASSEqualLower-3"/><meta><profile value="https://www.netzwerk-universitaetsmedizin.de/fhir/cpg-on-ebm-on-fhir/StructureDefinition/recommendation-eligibility-criteria"/></meta><url value="https://www.netzwerk-universitaetsmedizin.de/fhir/cpg-on-ebmonfhir/example/EvidenceVariable/PopAdultPatientsPostoperativelyOnNormalWardWithRASSEqualLower-3"/><version value="0.2.0"/><name value="PopAdultPatientsPostoperativelyOnNormalWardWithRASSEqualLower-3"/><title value="Population: General Adult Surgical Patients Postoperatively On Normal Ward, With a RASS Equal Or Lower Than -3"/><status value="draft"/><date value="2024-04"/><description value="Population for guideline 0.2 from https://pubmed.ncbi.nlm.nih.gov/37599617/: Adult patients, postoperatively, on a normal ward, with a RASS of -3 or less"/><characteristic><exclude value="false"/><definitionByCombination><code value="all-of"/><characteristic><exclude value="false"/><definitionByTypeAndValue><type><coding><system value="http://snomed.info/sct"/><code value="424144002"/><display value="Current chronological age (observable entity)"/></coding></type><valueRange><low><value value="18"/><unit value="years"/><system value="http://unitsofmeasure.org"/><code value="a"/></low></valueRange></definitionByTypeAndValue></characteristic><characteristic><exclude value="false"/><definitionByTypeAndValue><type><coding><system value="http://snomed.info/sct"/><code value="71388002"/><display value="Procedure (procedure)"/></coding></type><valueCodeableConcept><coding><system value="http://snomed.info/sct"/><code value="387713003"/><display value="Surgical procedure (procedure)"/></coding></valueCodeableConcept></definitionByTypeAndValue></characteristic><characteristic><exclude value="false"/><definitionByTypeAndValue><type><coding><system value="http://loinc.org"/><code value="78030-4"/><display value="Episode of care Type"/></coding></type><valueCodeableConcept><coding><system value="http://fhir.de/CodeSystem/kontaktart-de"/><code value="normalstationaer"/><display value="Normalstationär"/></coding></valueCodeableConcept></definitionByTypeAndValue></characteristic><characteristic><definitionByTypeAndValue><type><coding><system value="http://snomed.info/sct"/><version value="http://snomed.info/sct/731000124108/version/20230901"/><code value="457441000124102"/><display value="Richmond Agitation-Sedation Scale (assessment scale)"/></coding></type><valueQuantity><value value="3"/><comparator value="&lt;="/></valueQuantity></definitionByTypeAndValue></characteristic></definitionByCombination><timeFromEvent><description value="Postoperatively, maximum five complete days after the surgical procedure"/><eventCodeableConcept><coding><system value="https://www.charite.de/fhir/digipod/CodeSystem/digipod"/><code value="007"/><display value="Date of surgical procedure"/></coding></eventCodeableConcept><range><low><value value="0"/><unit value="day"/><system value="http://unitsofmeasure.org"/><code value="d"/></low><high><value value="6"/><unit value="day"/><system value="http://unitsofmeasure.org"/><code value="d"/></high></range></timeFromEvent></characteristic></EvidenceVariable>