<?xml version="1.0" encoding="UTF-8"?><EvidenceVariable xmlns="http://hl7.org/fhir"><id value="PopAdultPatientsPostoperativelyGeneralOnSurgeryDayNormalWard"/><meta><profile value="https://www.netzwerk-universitaetsmedizin.de/fhir/cpg-on-ebm-on-fhir/StructureDefinition/recommendation-eligibility-criteria"/></meta><url value="https://www.netzwerk-universitaetsmedizin.de/fhir/cpg-on-ebmonfhir/example/EvidenceVariable/PopAdultPatientsPostoperativelyGeneralOnSurgeryDayNormalWard"/><version value="0.2.0"/><name value="PopAdultSurgicalPatientsPostoperativelyGeneralOnSurgeryDay"/><title value="Population: General Adult Surgical Patients Postoperatively on the Surgery Day on Normal Ward or in the Recovery Room"/><status value="draft"/><date value="2024-04"/><description value="Population for guideline 0.2 from https://pubmed.ncbi.nlm.nih.gov/37599617/: Adult patients, postoperatively, on the day of the surgical intervention, on normal ward or in the recovery room"/><characteristic><exclude value="false"/><definitionByCombination><code value="all-of"/><characteristic><exclude value="false"/><definitionByTypeAndValue><type><coding><system value="http://snomed.info/sct"/><code value="424144002"/><display value="Current chronological age (observable entity)"/></coding></type><valueRange><low><value value="18"/><unit value="years"/><system value="http://unitsofmeasure.org"/><code value="a"/></low></valueRange></definitionByTypeAndValue></characteristic><characteristic><exclude value="false"/><definitionByTypeAndValue><type><coding><system value="http://snomed.info/sct"/><code value="71388002"/><display value="Procedure (procedure)"/></coding></type><valueCodeableConcept><coding><system value="http://snomed.info/sct"/><code value="387713003"/><display value="Surgical procedure (procedure)"/></coding></valueCodeableConcept></definitionByTypeAndValue></characteristic><characteristic><exclude value="false"/><definitionByTypeAndValue><type><coding><system value="http://loinc.org"/><code value="78030-4"/><display value="Episode of care Type"/></coding></type><valueCodeableConcept><coding><system value="http://fhir.de/CodeSystem/kontaktart-de"/><code value="normalstationaer"/><display value="Normalstationär"/></coding></valueCodeableConcept></definitionByTypeAndValue></characteristic></definitionByCombination><timeFromEvent><description value="Postoperatively on the day of the surgery - from the completion time of the surgery until midnight of the day of surgery"/><eventCodeableConcept><coding><system value="http://snomed.info/sct"/><code value="442137000"/><display value="Completion time of procedure (observable entity)"/></coding></eventCodeableConcept><range><high><value value="1"/><unit value="day"/><system value="http://unitsofmeasure.org"/><code value="d"/></high></range></timeFromEvent></characteristic></EvidenceVariable>