<?xml version="1.0" encoding="UTF-8"?><EvidenceVariable xmlns="http://hl7.org/fhir"><id value="PopAdultPatientsIntraoperativelyGeneral"/><meta><profile value="https://www.netzwerk-universitaetsmedizin.de/fhir/cpg-on-ebm-on-fhir/StructureDefinition/recommendation-eligibility-criteria"/></meta><url value="https://www.netzwerk-universitaetsmedizin.de/fhir/cpg-on-ebmonfhir/example/EvidenceVariable/PopAdultPatientsIntraoperativelyGeneral"/><version value="0.2.0"/><name value="PopAdultPatientsIntraoperativelyGeneral"/><title value="Population: General Adult Surgical Patients Intraoperatively"/><status value="draft"/><date value="2024-02"/><description value="Population for guideline 5.1 and 5.2 from https://pubmed.ncbi.nlm.nih.gov/37599617/: Adult patients, intraoperative"/><characteristic><exclude value="false"/><definitionByCombination><code value="all-of"/><characteristic><exclude value="false"/><definitionByTypeAndValue><type><coding><system value="http://snomed.info/sct"/><code value="424144002"/><display value="Current chronological age (observable entity)"/></coding></type><valueRange><low><value value="18"/><unit value="years"/><system value="http://unitsofmeasure.org"/><code value="a"/></low></valueRange></definitionByTypeAndValue></characteristic><characteristic><exclude value="false"/><definitionByTypeAndValue><type><coding><system value="http://snomed.info/sct"/><code value="71388002"/><display value="Procedure (procedure)"/></coding></type><valueCodeableConcept><coding><system value="http://snomed.info/sct"/><code value="387713003"/><display value="Surgical procedure (procedure)"/></coding></valueCodeableConcept></definitionByTypeAndValue></characteristic></definitionByCombination><timeFromEvent><description value="During a surgical intervention"/><eventCodeableConcept><coding><system value="http://snomed.info/sct"/><code value="277671009"/><display value="Intraoperative (qualifier value)"/></coding></eventCodeableConcept></timeFromEvent></characteristic></EvidenceVariable>