<?xml version="1.0" encoding="UTF-8"?><EvidenceVariable xmlns="http://hl7.org/fhir"><id value="PopAdultPatientsPreoperativelyGeneralOnSurgeryDayAndBefore"/><meta><profile value="https://www.netzwerk-universitaetsmedizin.de/fhir/cpg-on-ebm-on-fhir/StructureDefinition/recommendation-eligibility-criteria"/></meta><url value="https://www.netzwerk-universitaetsmedizin.de/fhir/cpg-on-ebmonfhir/example/EvidenceVariable/PopAdultPatientsPreoperativelyGeneralOnSurgeryDayAndBefore"/><version value="0.2.0"/><name value="PopAdultPatientsPreoperativelyGeneralOnSurgeryDayAndBefore"/><title value="Population: General Adult Surgical Patients Preoperatively on Surgery Day and Before"/><status value="draft"/><date value="2024-04"/><description value="Population for guideline 0.1 from https://pubmed.ncbi.nlm.nih.gov/37599617/: Adult patients, preoperatively, on the day of the surgical intervention or maximum 42 days before"/><characteristic><exclude value="false"/><definitionByCombination><code value="all-of"/><characteristic><exclude value="false"/><definitionByTypeAndValue><type><coding><system value="http://snomed.info/sct"/><code value="424144002"/><display value="Current chronological age (observable entity)"/></coding></type><valueRange><low><value value="18"/><unit value="years"/><system value="http://unitsofmeasure.org"/><code value="a"/></low></valueRange></definitionByTypeAndValue></characteristic><characteristic><exclude value="false"/><definitionByTypeAndValue><type><coding><system value="http://snomed.info/sct"/><code value="71388002"/><display value="Procedure (procedure)"/></coding></type><valueCodeableConcept><coding><system value="http://snomed.info/sct"/><code value="387713003"/><display value="Surgical procedure (procedure)"/></coding></valueCodeableConcept></definitionByTypeAndValue></characteristic><characteristic><exclude value="false"/><definitionByCombination><code value="any-of"/><characteristic><definitionByTypeAndValue><type><coding><system value="http://loinc.org"/><code value="78030-4"/><display value="Episode of care Type"/></coding></type><valueCodeableConcept><coding><system value="http://fhir.de/CodeSystem/kontaktart-de"/><code value="vorstationaer"/><display value="Vorstationär"/></coding></valueCodeableConcept></definitionByTypeAndValue></characteristic><characteristic><definitionByTypeAndValue><type><coding><system value="http://loinc.org"/><code value="78030-4"/><display value="Episode of care Type"/></coding></type><valueCodeableConcept><coding><system value="http://fhir.de/CodeSystem/kontaktart-de"/><code value="normalstationaer"/><display value="Normalstationär"/></coding></valueCodeableConcept></definitionByTypeAndValue></characteristic></definitionByCombination></characteristic></definitionByCombination><timeFromEvent><description value="Preoperatively - Maximum 42 days before the surgery or before the end of the surgery"/><eventCodeableConcept><coding><system value="http://snomed.info/sct"/><code value="442137000"/><display value="Completion time of procedure (observable entity)"/></coding></eventCodeableConcept><range><low><value value="-1032"/><unit value="hour"/><system value="http://unitsofmeasure.org"/><code value="h"/></low><high><value value="0"/><unit value="hour"/><system value="http://unitsofmeasure.org"/><code value="h"/></high></range></timeFromEvent></characteristic></EvidenceVariable>