<?xml version="1.0" encoding="UTF-8"?><EvidenceVariable xmlns="http://hl7.org/fhir"><id value="PopOlderAdultPatientsPreoperatively"/><meta><profile value="https://www.netzwerk-universitaetsmedizin.de/fhir/cpg-on-ebm-on-fhir/StructureDefinition/recommendation-eligibility-criteria"/></meta><url value="https://www.netzwerk-universitaetsmedizin.de/fhir/cpg-on-ebmonfhir/example/EvidenceVariable/PopOlderAdultPatientsPreoperatively"/><version value="0.2.0"/><name value="PopOlderAdultPatientsPreoperatively"/><title value="Population: Older Adult Surgical Patients Preoperatively"/><status value="draft"/><date value="2024-02"/><description value="Population for guideline 4.1 from https://pubmed.ncbi.nlm.nih.gov/37599617/: Older adult patients, preoperative"/><characteristic><exclude value="false"/><definitionByCombination><code value="all-of"/><characteristic><exclude value="false"/><definitionByTypeAndValue><type><coding><system value="http://snomed.info/sct"/><code value="424144002"/><display value="Current chronological age (observable entity)"/></coding></type><valueRange><low><value value="70"/><unit value="years"/><system value="http://unitsofmeasure.org"/><code value="a"/></low></valueRange></definitionByTypeAndValue></characteristic><characteristic><exclude value="false"/><definitionByTypeAndValue><type><coding><system value="http://snomed.info/sct"/><code value="71388002"/><display value="Procedure (procedure)"/></coding></type><valueCodeableConcept><coding><system value="http://snomed.info/sct"/><code value="387713003"/><display value="Surgical procedure (procedure)"/></coding></valueCodeableConcept></definitionByTypeAndValue></characteristic></definitionByCombination><timeFromEvent><description value="preoperative"/><eventCodeableConcept><coding><system value="https://www.charite.de/fhir/digipod/CodeSystem/digipod"/><code value="007"/><display value="Date of surgical procedure"/></coding></eventCodeableConcept><range><low><value value="-1008"/><unit value="hour"/><system value="http://unitsofmeasure.org"/><code value="h"/></low><high><value value="-2"/><unit value="hour"/><system value="http://unitsofmeasure.org"/><code value="h"/></high></range></timeFromEvent></characteristic></EvidenceVariable>