<?xml version="1.0" encoding="UTF-8"?><PlanDefinition xmlns="http://hl7.org/fhir"><id value="RecPlanIntraoperativeEEGMonitoringDepth"/><meta><profile value="https://www.netzwerk-universitaetsmedizin.de/fhir/cpg-on-ebm-on-fhir/StructureDefinition/recommendation-plan"/></meta><extension url="http://hl7.org/fhir/uv/cpg/StructureDefinition/cpg-knowledgeCapability"><valueCode value="computable"/></extension><extension url="http://hl7.org/fhir/uv/cpg/StructureDefinition/cpg-knowledgeRepresentationLevel"><valueCode value="structured"/></extension><extension url="http://hl7.org/fhir/uv/cpg/StructureDefinition/cpg-partOf"><valueCanonical value="https://www.netzwerk-universitaetsmedizin.de/fhir/cpg-on-ebmonfhir/example/PlanDefinition/RecCollIntraoperativeEEGMonitoringDepth"/></extension><extension url="https://www.netzwerk-universitaetsmedizin.de/fhir/cpg-on-ebm-on-fhir/StructureDefinition/ext-action-combination-method"><extension url="method"><valueCodeableConcept><coding><system value="https://www.netzwerk-universitaetsmedizin.de/fhir/cpg-on-ebm-on-fhir/CodeSystem/cs-action-combination-method"/><code value="all"/></coding></valueCodeableConcept></extension></extension><url value="https://www.netzwerk-universitaetsmedizin.de/fhir/cpg-on-ebmonfhir/example/PlanDefinition/RecPlanIntraoperativeEEGMonitoringDepth"/><version value="0.2.0"/><name value="RecPlanIntraoperativeEEGMonitoringDepth"/><title value="Recommended Plan for Population: Adult Surgical Patients Intraoperatively, use Index-based EEG monitoring depth of anaesthesia guidance"/><type><coding><system value="http://terminology.hl7.org/CodeSystem/plan-definition-type"/><code value="eca-rule"/></coding></type><status value="draft"/><experimental value="true"/><subjectCanonical value="https://www.netzwerk-universitaetsmedizin.de/fhir/cpg-on-ebmonfhir/example/EvidenceVariable/PopAdultPatientsIntraoperativelyGeneral"/><date value="2024-02"/><publisher value="DIGIPOD"/><description value="Recommended Plan for Adult Surgical Patients, Intraoperatively, use Index-based EEG monitoring depth of anaesthesia guidance"/><action><code><coding><system value="http://snomed.info/sct"/><code value="386053000"/><display value="Evaluation procedure (procedure)"/></coding></code><reason><coding><system value="http://hl7.org/fhir/action-reason-code"/><code value="quality-measure"/><display value="Quality measure"/></coding></reason><requiredBehavior value="must"/><definitionCanonical value="https://www.netzwerk-universitaetsmedizin.de/fhir/cpg-on-ebmonfhir/example/ActivityDefinition/RecActionIntraoperativeEEGMonitoringDepth"/></action></PlanDefinition>