<?xml version="1.0" encoding="UTF-8"?><PlanDefinition xmlns="http://hl7.org/fhir"><id value="RecCollCheckRFAdultSurgicalPatientsPreoperatively"/><meta><profile value="https://www.netzwerk-universitaetsmedizin.de/fhir/cpg-on-ebm-on-fhir/StructureDefinition/recommendation"/></meta><extension url="http://hl7.org/fhir/uv/cpg/StructureDefinition/cpg-knowledgeCapability"><valueCode value="computable"/></extension><extension url="http://hl7.org/fhir/uv/cpg/StructureDefinition/cpg-knowledgeRepresentationLevel"><valueCode value="structured"/></extension><extension url="https://www.netzwerk-universitaetsmedizin.de/fhir/cpg-on-ebm-on-fhir/StructureDefinition/ext-action-combination-method"><extension url="method"><valueCodeableConcept><coding><system value="https://www.netzwerk-universitaetsmedizin.de/fhir/cpg-on-ebm-on-fhir/CodeSystem/cs-action-combination-method"/><code value="all"/></coding></valueCodeableConcept></extension></extension><url value="https://www.netzwerk-universitaetsmedizin.de/fhir/cpg-on-ebmonfhir/example/PlanDefinition/RecCollCheckRFAdultSurgicalPatientsPreoperatively"/><version value="0.2.0"/><name value="RecCollCheckRFAdultSurgicalPatientsPreoperatively"/><title value="Recommendation Collection: Check risk factors in Adult Surgical Patients Preoperatively"/><type><coding><system value="http://terminology.hl7.org/CodeSystem/plan-definition-type"/><code value="workflow-definition"/></coding></type><status value="draft"/><date value="2024-02"/><publisher value="European Society of Anaesthesiology and Intensive Care Medicine (ESAIC)"/><description value="Recommendation collection for adult patients that will undergo a surgical intervention: Check risk factors age, American Society of Anesthesiology Physical status score (ASA), Charlson Comorbidity Index (CCI) and Mini-cog test score (Mini-cog). If Mini-cog test score is equal to or higher than 3, perform Montreal Cognitive Assessment (MoCA), Addenbrooke's Cognitive Examination (ACE-R) or Mini Mental State Examination (MMSE). Please note that MMSE is not free of charge (license fees)"/><action><title value="RecommendationPlanCheckRiskFactorsAgeASACCIMiniCog"/><description value="Check risk factors age, ASA, CCI and Mini-Cog in Adult Surgical Patients, Preoperatively"/><code><coding><system value="http://hl7.org/fhir/uv/cpg/CodeSystem/cpg-common-process"/><code value="guideline-based-care"/></coding></code><selectionBehavior value="one-or-more"/><definitionCanonical value="https://www.netzwerk-universitaetsmedizin.de/fhir/cpg-on-ebmonfhir/example/PlanDefinition/RecPlanCheckRiskFactorsAgeASACCIMiniCog"/></action><action><title value="RecommendationPlanCheckRiskFactorsMoCAACERMMSE"/><description value="Check risk factors MoCA, ACE-R or MMSE in Adult Surgical Patients, Preoperatively, with positive Mini-cog test score"/><code><coding><system value="http://hl7.org/fhir/uv/cpg/CodeSystem/cpg-common-process"/><code value="guideline-based-care"/></coding></code><selectionBehavior value="one-or-more"/><definitionCanonical value="https://www.netzwerk-universitaetsmedizin.de/fhir/cpg-on-ebmonfhir/example/PlanDefinition/RecPlanCheckRiskFactorsMoCAACERMMSE"/></action><action><title value="RecommendationPlanProvideLicenseFeeWarningForMMSE"/><description value="Provide a warning for MMSE license fees in Adult Surgical Patients, Preoperatively, with positive Mini-cog test score that need a MMSE"/><code><coding><system value="http://hl7.org/fhir/uv/cpg/CodeSystem/cpg-common-process"/><code value="guideline-based-care"/></coding></code><selectionBehavior value="one-or-more"/><definitionCanonical value="https://www.netzwerk-universitaetsmedizin.de/fhir/cpg-on-ebmonfhir/example/PlanDefinition/RecPlanProvideLicenseFeeWarningForMMSE"/></action></PlanDefinition>