<?xml version="1.0" encoding="UTF-8"?><PlanDefinition xmlns="http://hl7.org/fhir"><id value="RecCollDeliriumScreeningPostoperativelyOnSurgeryDay"/><meta><profile value="https://www.netzwerk-universitaetsmedizin.de/fhir/cpg-on-ebm-on-fhir/StructureDefinition/recommendation"/></meta><extension url="http://hl7.org/fhir/uv/cpg/StructureDefinition/cpg-knowledgeCapability"><valueCode value="computable"/></extension><extension url="http://hl7.org/fhir/uv/cpg/StructureDefinition/cpg-knowledgeRepresentationLevel"><valueCode value="structured"/></extension><extension url="https://www.netzwerk-universitaetsmedizin.de/fhir/cpg-on-ebm-on-fhir/StructureDefinition/ext-action-combination-method"><extension url="method"><valueCodeableConcept><coding><system value="https://www.netzwerk-universitaetsmedizin.de/fhir/cpg-on-ebm-on-fhir/CodeSystem/cs-action-combination-method"/><code value="at-least"/></coding></valueCodeableConcept></extension><extension url="threshold"><valuePositiveInt value="2"/></extension></extension><url value="https://www.netzwerk-universitaetsmedizin.de/fhir/cpg-on-ebmonfhir/example/PlanDefinition/RecCollDeliriumScreeningPostoperativelyOnSurgeryDay"/><version value="0.2.0"/><name value="RecCollDeliriumScreeningPostoperativelyOnSurgeryDay"/><title value="Recommendation Collection: Perform Delirium Screening in Adult Surgical Patients Postoperatively on surgery day, ideally once a shift and at least twice a day"/><type><coding><system value="http://terminology.hl7.org/CodeSystem/plan-definition-type"/><code value="workflow-definition"/></coding></type><status value="draft"/><date value="2024-02"/><publisher value="European Society of Anaesthesiology and Intensive Care Medicine (ESAIC)"/><description value="Recommendation collection for adult patients that had a surgical intervention: Perform delirium screening on surgery day, ideally once a shift and at least twice a day."/><action><title value="RecCollDeliriumScreeningOnSurgeryDayMorningShift"/><description value="Perform Delirium Screening in Adult Surgical Patients, Postoperatively, on Surgery Day during the Morning Shift."/><code><coding><system value="http://hl7.org/fhir/uv/cpg/CodeSystem/cpg-common-process"/><code value="guideline-based-care"/></coding></code><selectionBehavior value="one-or-more"/><definitionCanonical value="https://www.netzwerk-universitaetsmedizin.de/fhir/cpg-on-ebmonfhir/example/PlanDefinition/RecCollDeliriumScreeningOnSurgeryDayMorningShift"/></action><action><title value="RecCollDeliriumScreeningOnSurgeryDayEveningShift"/><description value="Perform Delirium Screening in Adult Surgical Patients, Postoperatively, on Surgery Day during the Evening Shift."/><code><coding><system value="http://hl7.org/fhir/uv/cpg/CodeSystem/cpg-common-process"/><code value="guideline-based-care"/></coding></code><selectionBehavior value="one-or-more"/><definitionCanonical value="https://www.netzwerk-universitaetsmedizin.de/fhir/cpg-on-ebmonfhir/example/PlanDefinition/RecCollDeliriumScreeningOnSurgeryDayEveningShift"/></action><action><title value="RecCollDeliriumScreeningOnSurgeryDayNightShift"/><description value="Perform Delirium Screening in Adult Surgical Patients, Postoperatively, on Surgery Day during the Night Shift."/><code><coding><system value="http://hl7.org/fhir/uv/cpg/CodeSystem/cpg-common-process"/><code value="guideline-based-care"/></coding></code><selectionBehavior value="one-or-more"/><definitionCanonical value="https://www.netzwerk-universitaetsmedizin.de/fhir/cpg-on-ebmonfhir/example/PlanDefinition/RecCollDeliriumScreeningOnSurgeryDayNightShift"/></action></PlanDefinition>