<?xml version="1.0" encoding="UTF-8"?><PlanDefinition xmlns="http://hl7.org/fhir"><id value="RecCollDeliriumScreeningOnSurgeryDayNightShift"/><meta><profile value="https://www.netzwerk-universitaetsmedizin.de/fhir/cpg-on-ebm-on-fhir/StructureDefinition/recommendation"/></meta><extension url="http://hl7.org/fhir/uv/cpg/StructureDefinition/cpg-knowledgeCapability"><valueCode value="computable"/></extension><extension url="http://hl7.org/fhir/uv/cpg/StructureDefinition/cpg-knowledgeRepresentationLevel"><valueCode value="structured"/></extension><extension url="https://www.netzwerk-universitaetsmedizin.de/fhir/cpg-on-ebm-on-fhir/StructureDefinition/ext-action-combination-method"><extension url="method"><valueCodeableConcept><coding><system value="https://www.netzwerk-universitaetsmedizin.de/fhir/cpg-on-ebm-on-fhir/CodeSystem/cs-action-combination-method"/><code value="exactly"/></coding></valueCodeableConcept></extension><extension url="threshold"><valuePositiveInt value="1"/></extension></extension><url value="https://www.netzwerk-universitaetsmedizin.de/fhir/cpg-on-ebmonfhir/example/PlanDefinition/RecCollDeliriumScreeningOnSurgeryDayNightShift"/><version value="0.2.0"/><name value="RecCollDeliriumScreeningOnSurgeryDayNightShift"/><title value="Recommendation Collection: Perform Delirium Screening in Adult Surgical Patients Postoperatively on surgery day during the night shift"/><type><coding><system value="http://terminology.hl7.org/CodeSystem/plan-definition-type"/><code value="workflow-definition"/></coding></type><status value="draft"/><date value="2024-02"/><publisher value="European Society of Anaesthesiology and Intensive Care Medicine (ESAIC)"/><description value="Recommendation collection for adult patients that had a surgical intervention: Perform delirium screening on surgery day during the night shift."/><action><title value="RecPlanPostoperativeDeliriumScreeningOnSurgeryDayNWNightShift"/><description value="Perform Delirium Screening in Adult Surgical Patients, Postoperatively, on a Normal Ward, on Surgery Day During the Night Shift."/><code><coding><system value="http://hl7.org/fhir/uv/cpg/CodeSystem/cpg-common-process"/><code value="guideline-based-care"/></coding></code><selectionBehavior value="one-or-more"/><definitionCanonical value="https://www.netzwerk-universitaetsmedizin.de/fhir/cpg-on-ebmonfhir/example/PlanDefinition/RecPlanPostoperativeDeliriumScreeningOnSurgeryDayNWNightShift"/></action><action><title value="RecPlanPostoperativeDeliriumScreeningOnSurgeryDayOnICUNightShift"/><description value="Perform Delirium Screening in Adult Surgical Patients, Postoperatively, on an Intensive Care unit, on Surgery Day During the Night Shift."/><code><coding><system value="http://hl7.org/fhir/uv/cpg/CodeSystem/cpg-common-process"/><code value="guideline-based-care"/></coding></code><selectionBehavior value="one-or-more"/><definitionCanonical value="https://www.netzwerk-universitaetsmedizin.de/fhir/cpg-on-ebmonfhir/example/PlanDefinition/RecPlanPostoperativeDeliriumScreeningOnSurgeryDayOnICUNightShift"/></action></PlanDefinition>