<?xml version="1.0" encoding="UTF-8"?><PlanDefinition xmlns="http://hl7.org/fhir"><id value="RecCollAdultSurgicalPatPreOrIntraOPNoSpecSurgeryOrAnesthesiaType"/><meta><profile value="https://www.netzwerk-universitaetsmedizin.de/fhir/cpg-on-ebm-on-fhir/StructureDefinition/recommendation"/></meta><extension url="http://hl7.org/fhir/uv/cpg/StructureDefinition/cpg-knowledgeCapability"><valueCode value="computable"/></extension><extension url="http://hl7.org/fhir/uv/cpg/StructureDefinition/cpg-knowledgeRepresentationLevel"><valueCode value="structured"/></extension><extension url="https://www.netzwerk-universitaetsmedizin.de/fhir/cpg-on-ebm-on-fhir/StructureDefinition/ext-action-combination-method"><extension url="method"><valueCodeableConcept><coding><system value="https://www.netzwerk-universitaetsmedizin.de/fhir/cpg-on-ebm-on-fhir/CodeSystem/cs-action-combination-method"/><code value="all"/></coding></valueCodeableConcept></extension></extension><url value="https://www.netzwerk-universitaetsmedizin.de/fhir/cpg-on-ebmonfhir/example/PlanDefinition/RecCollAdultSurgicalPatPreOrIntraOPNoSpecSurgeryOrAnesthesiaType"/><version value="0.2.0"/><name value="RecCollAdultSurgicalPatientsPreOrIntraoperativelyNoParticularSurgeryOrAnesthesiaType"/><title value="Recommendation Collection: Do no suggest any specific type of surgery and type of anaesthesia to reduce the incidence of POD in Adult Surgical Patients Pre- or Intraoperatively"/><type><coding><system value="http://terminology.hl7.org/CodeSystem/plan-definition-type"/><code value="workflow-definition"/></coding></type><status value="draft"/><date value="2024-04"/><publisher value="European Society of Anaesthesiology and Intensive Care Medicine (ESAIC)"/><description value="Recommendation collection for adult patients before or during a surgical intervention: Do no suggest any specific type of surgery and type of anaesthesia to reduce the incidence of postoperative delirium (POD)."/><action><title value="RecPlanShowRecommendationNoSpecificSurgeryOrAnesthesiaType"/><description value="In patients undergoing surgery, we do not suggest any specific type of surgery and type of anaesthesia to reduce the incidence of POD."/><code><coding><system value="http://hl7.org/fhir/uv/cpg/CodeSystem/cpg-common-process"/><code value="guideline-based-care"/></coding></code><selectionBehavior value="one-or-more"/><definitionCanonical value="https://www.netzwerk-universitaetsmedizin.de/fhir/cpg-on-ebmonfhir/example/PlanDefinition/RecPlanShowRecommendationNoSpecificSurgeryOrAnesthesiaType"/></action></PlanDefinition>