<?xml version="1.0" encoding="UTF-8"?>

<ActivityDefinition xmlns="http://hl7.org/fhir">
  <id value="RecActionIntraoperativeEEGMonitoringDepth"/>
  <meta>
    <profile value="https://www.netzwerk-universitaetsmedizin.de/fhir/cpg-on-ebm-on-fhir/StructureDefinition/recommendation-action"/>
  </meta>
  <text>
    <status value="extensions"/><div xmlns="http://www.w3.org/1999/xhtml"><p><b>Generated Narrative: ActivityDefinition</b><a name="RecActionIntraoperativeEEGMonitoringDepth"> </a><a name="hcRecActionIntraoperativeEEGMonitoringDepth"> </a></p><div style="display: inline-block; background-color: #d9e0e7; padding: 6px; margin: 4px; border: 1px solid #8da1b4; border-radius: 5px; line-height: 60%"><p style="margin-bottom: 0px">ResourceActivityDefinition &quot;RecActionIntraoperativeEEGMonitoringDepth&quot; </p><p style="margin-bottom: 0px">Profile: <a href="file:///github/workspace/output/StructureDefinition-recommendation-action.html">Recommendation Action</a></p></div><p><b>knowledgeCapability</b>: computable</p><p><b>knowledgeRepresentationLevel</b>: structured</p><p><b>url</b>: <code>https://www.netzwerk-universitaetsmedizin.de/fhir/cpg-on-ebmonfhir/example/ActivityDefinition/RecActionIntraoperativeEEGMonitoringDepth</code></p><p><b>version</b>: 0.2.0</p><p><b>name</b>: RecActionIntraoperativeEEGMonitoringDepth</p><p><b>title</b>: Recommended Action for Population: Adult Surgical Patients Intraoperatively, use Index-based EEG monitoring depth of anaesthesia guidance</p><p><b>status</b>: draft</p><p><b>experimental</b>: true</p><p><b>subject</b>: Patient <span style="background: LightGoldenRodYellow; margin: 4px; border: 1px solid khaki"> (<a href="http://hl7.org/fhir/R5/codesystem-fhir-types.html">All FHIR Types</a>#Patient)</span></p><p><b>date</b>: 2024-02</p><p><b>publisher</b>: DIGIPOD</p><p><b>description</b>: Recommended Action for Adult Surgical Patients, Intraoperatively, use Index-based EEG monitoring depth of anaesthesia guidance to decrease the risk of POD.</p><p><b>kind</b>: ServiceRequest</p><p><b>code</b>: Index-based Electroencephalogram monitoring depth of anaesthesia guidance <span style="background: LightGoldenRodYellow; margin: 4px; border: 1px solid khaki"> (<a href="CodeSystem-digipod.html">DIGIPOD</a>#013)</span></p></div>
  </text>
  <extension url="http://hl7.org/fhir/uv/cpg/StructureDefinition/cpg-knowledgeCapability">
    <valueCode value="computable"/>
  </extension>
  <extension url="http://hl7.org/fhir/uv/cpg/StructureDefinition/cpg-knowledgeRepresentationLevel">
    <valueCode value="structured"/>
  </extension>
  <url value="https://www.netzwerk-universitaetsmedizin.de/fhir/cpg-on-ebmonfhir/example/ActivityDefinition/RecActionIntraoperativeEEGMonitoringDepth"/>
  <version value="0.2.0"/>
  <name value="RecActionIntraoperativeEEGMonitoringDepth"/>
  <title value="Recommended Action for Population: Adult Surgical Patients Intraoperatively, use Index-based EEG monitoring depth of anaesthesia guidance"/>
  <status value="draft"/>
  <experimental value="true"/>
  <subjectCodeableConcept>
    <coding>
      <system value="http://hl7.org/fhir/fhir-types"/>
      <code value="Patient"/>
    </coding>
  </subjectCodeableConcept>
  <date value="2024-02"/>
  <publisher value="DIGIPOD"/>
  <description value="Recommended Action for Adult Surgical Patients, Intraoperatively, use Index-based EEG monitoring depth of anaesthesia guidance to decrease the risk of POD."/>
  <kind value="ServiceRequest"/>
  <code>
    <coding>
      <system value="https://www.charite.de/fhir/digipod/CodeSystem/digipod"/>
      <code value="013"/>
      <display value="Index-based Electroencephalogram monitoring depth of anaesthesia guidance"/>
    </coding>
  </code>
</ActivityDefinition>