{
  "resourceType" : "ActivityDefinition",
  "id" : "RecActionOlderAdultPatientsPreoperativelyCheckAnemiaRF",
  "meta" : {
    "profile" : ["https://www.netzwerk-universitaetsmedizin.de/fhir/cpg-on-ebm-on-fhir/StructureDefinition/recommendation-action"]
  },
  "text" : {
    "status" : "extensions",
    "div" : "<div xmlns=\"http://www.w3.org/1999/xhtml\"><p><b>Generated Narrative: ActivityDefinition</b><a name=\"RecActionOlderAdultPatientsPreoperativelyCheckAnemiaRF\"> </a><a name=\"hcRecActionOlderAdultPatientsPreoperativelyCheckAnemiaRF\"> </a></p><div style=\"display: inline-block; background-color: #d9e0e7; padding: 6px; margin: 4px; border: 1px solid #8da1b4; border-radius: 5px; line-height: 60%\"><p style=\"margin-bottom: 0px\">ResourceActivityDefinition &quot;RecActionOlderAdultPatientsPreoperativelyCheckAnemiaRF&quot; </p><p style=\"margin-bottom: 0px\">Profile: <a href=\"file:///github/workspace/output/StructureDefinition-recommendation-action.html\">Recommendation Action</a></p></div><p><b>knowledgeCapability</b>: computable</p><p><b>knowledgeRepresentationLevel</b>: structured</p><p><b>url</b>: <code>https://www.netzwerk-universitaetsmedizin.de/fhir/cpg-on-ebmonfhir/example/ActivityDefinition/RecActionOlderAdultPatientsPreoperativelyCheckAnemiaRF</code></p><p><b>version</b>: 0.2.0</p><p><b>name</b>: RecActionOlderAdultPatientsPreoperativelyCheckAnemiaRF</p><p><b>title</b>: Recommended Action for Population: Older Adult Surgical Patients Preoperatively, check for anemia as risk factor for POD</p><p><b>status</b>: draft</p><p><b>experimental</b>: true</p><p><b>subject</b>: Patient <span style=\"background: LightGoldenRodYellow; margin: 4px; border: 1px solid khaki\"> (<a href=\"http://hl7.org/fhir/R5/codesystem-fhir-types.html\">All FHIR Types</a>#Patient)</span></p><p><b>date</b>: 2024-02</p><p><b>publisher</b>: DIGIPOD</p><p><b>description</b>: Recommended Action for Adult Surgical Patients Preoperatively, 70 years old or older, check for anemia as risk factor for postoperative delirium (POD)</p><p><b>kind</b>: ServiceRequest</p><p><b>code</b>: Anemia screening (procedure) <span style=\"background: LightGoldenRodYellow; margin: 4px; border: 1px solid khaki\"> (<a href=\"https://browser.ihtsdotools.org/\">SNOWMED CT</a>#171201007)</span></p></div>"
  },
  "extension" : [{
    "url" : "http://hl7.org/fhir/uv/cpg/StructureDefinition/cpg-knowledgeCapability",
    "valueCode" : "computable"
  },
  {
    "url" : "http://hl7.org/fhir/uv/cpg/StructureDefinition/cpg-knowledgeRepresentationLevel",
    "valueCode" : "structured"
  }],
  "url" : "https://www.netzwerk-universitaetsmedizin.de/fhir/cpg-on-ebmonfhir/example/ActivityDefinition/RecActionOlderAdultPatientsPreoperativelyCheckAnemiaRF",
  "version" : "0.2.0",
  "name" : "RecActionOlderAdultPatientsPreoperativelyCheckAnemiaRF",
  "title" : "Recommended Action for Population: Older Adult Surgical Patients Preoperatively, check for anemia as risk factor for POD",
  "status" : "draft",
  "experimental" : true,
  "subjectCodeableConcept" : {
    "coding" : [{
      "system" : "http://hl7.org/fhir/fhir-types",
      "code" : "Patient"
    }]
  },
  "date" : "2024-02",
  "publisher" : "DIGIPOD",
  "description" : "Recommended Action for Adult Surgical Patients Preoperatively, 70 years old or older, check for anemia as risk factor for postoperative delirium (POD)",
  "kind" : "ServiceRequest",
  "code" : {
    "coding" : [{
      "system" : "http://snomed.info/sct",
      "code" : "171201007",
      "display" : "Anemia screening (procedure)"
    }]
  }
}