{
  "resourceType" : "Citation",
  "id" : "Recommendation4.1PrevMeasuresIINonPharmacologicalInterventions",
  "meta" : {
    "profile" : ["https://www.netzwerk-universitaetsmedizin.de/fhir/cpg-on-ebm-on-fhir/StructureDefinition/recommendation-citation"]
  },
  "text" : {
    "status" : "generated",
    "div" : "<div xmlns=\"http://www.w3.org/1999/xhtml\"><p><b>Generated Narrative: Citation</b><a name=\"Recommendation4.1PrevMeasuresIINonPharmacologicalInterventions\"> </a><a name=\"hcRecommendation4.1PrevMeasuresIINonPharmacologicalInterventions\"> </a></p><div style=\"display: inline-block; background-color: #d9e0e7; padding: 6px; margin: 4px; border: 1px solid #8da1b4; border-radius: 5px; line-height: 60%\"><p style=\"margin-bottom: 0px\">ResourceCitation &quot;Recommendation4.1PrevMeasuresIINonPharmacologicalInterventions&quot; </p><p style=\"margin-bottom: 0px\">Profile: <a href=\"file:///github/workspace/output/StructureDefinition-recommendation-citation.html\">Recommendation Citation</a></p></div><p><b>version</b>: 0.2.0</p><p><b>name</b>: Recommendation4_1PrevMeasuresIINonPharmacologicalInterventions</p><p><b>title</b>: Recommendation 4.1: Preventive Measures II (Non Pharmacological Interventions) - Screening for risk factors and optimizing preoperative status in older adults</p><p><b>status</b>: draft</p><p><b>date</b>: 2024-02</p><blockquote><p><b>citedArtifact</b></p><p><b>identifier</b>: 37599617-rec4.1</p><h3>Versions</h3><table class=\"grid\"><tr><td style=\"display: none\">-</td><td><b>Value</b></td></tr><tr><td style=\"display: none\">*</td><td>1.0</td></tr></table><p><b>currentState</b>: Published final form <span style=\"background: LightGoldenRodYellow; margin: 4px; border: 1px solid khaki\"> (<a href=\"http://hl7.org/fhir/R5/codesystem-cited-artifact-status-type.html\">Cited Artifact Status Type</a>#published-final-form)</span></p><h3>Titles</h3><table class=\"grid\"><tr><td style=\"display: none\">-</td><td><b>Type</b></td><td><b>Language</b></td><td><b>Text</b></td></tr><tr><td style=\"display: none\">*</td><td>Primary title <span style=\"background: LightGoldenRodYellow; margin: 4px; border: 1px solid khaki\"> (<a href=\"http://hl7.org/fhir/R5/codesystem-title-type.html\">Title Type</a>#primary)</span></td><td>English <span style=\"background: LightGoldenRodYellow; margin: 4px; border: 1px solid khaki\"> (<a href=\"http://terminology.hl7.org/5.5.0/CodeSystem-v3-ietf3066.html\">Tags for the Identification of Languages</a>#en)</span></td><td>Recommendation 4.1</td></tr></table><h3>Parts</h3><table class=\"grid\"><tr><td style=\"display: none\">-</td><td><b>Type</b></td><td><b>Value</b></td></tr><tr><td style=\"display: none\">*</td><td>paragraphs <span style=\"background: LightGoldenRodYellow; margin: 4px; border: 1px solid khaki\"> (<a href=\"http://hl7.org/fhir/R5/codesystem-cited-artifact-part-type.html\">Cited Artifact Part Type</a>#paragraphs)</span></td><td>We recommend that preoperative anaesthesia consultation in older adults includes the screening for risk factors for POD and addresses patients' needs to optimize their preoperative status.</td></tr></table><h3>RelatesTos</h3><table class=\"grid\"><tr><td style=\"display: none\">-</td><td><b>Type</b></td><td><b>Resource</b></td></tr><tr><td style=\"display: none\">*</td><td>contained-in</td><td><a href=\"Citation-ClinicalPracticeGuidelineESAICOnPostOpDeliriumInAdultPatients.html\">Update of the European Society of Anaesthesiology and Intensive Care Medicine evidence-based and consensus-based guideline on postoperative delirium in adult patients</a></td></tr></table><h3>Classifications</h3><table class=\"grid\"><tr><td style=\"display: none\">-</td><td><b>Type</b></td><td><b>Classifier</b></td></tr><tr><td style=\"display: none\">*</td><td>Publication Type <span style=\"background: LightGoldenRodYellow; margin: 4px; border: 1px solid khaki\"> (<a href=\"http://hl7.org/fhir/R5/codesystem-cited-artifact-classification-type.html\">Cited Artifact Classification Type</a>#publication-type)</span></td><td>Clinical practice guideline recommendation <span style=\"background: LightGoldenRodYellow; margin: 4px; border: 1px solid khaki\"> (<a href=\"file:///github/workspace/output/CodeSystem-ceosys-code-system.html\">CEOsys Code System</a>#guideline-recommendation)</span></td></tr></table><blockquote><p><b>contributorship</b></p><blockquote><p><b>entry</b></p><p><b>contributor</b>: <a href=\"Practitioner-GabriellaBettelli.html\">Practitioner/GabriellaBettelli</a> &quot; BETTELLI&quot;</p><p><b>affiliation</b>: <span>: Department of Biomedical Studies, University of the Republic of San Marino, San Marino</span></p></blockquote><blockquote><p><b>entry</b></p><p><b>contributor</b>: <a href=\"Practitioner-PaolaAceto.html\">Practitioner/PaolaAceto</a> &quot; ACETO&quot;</p><p><b>affiliation</b>: </p><ul><li><span>: Dipartimento di Scienze dell'Emergenza, Anestesiologiche e della Rianimazione, Fondazione Policlinico Universitario A. Gemelli IRCCS, Rome, Italy</span></li><li><span>: Dipartimento di Scienze Biotecnologiche di Base, Cliniche Intensivologiche e Perioperatorie, Università Cattolica del Sacro Cuore, Rome, Italy</span></li></ul></blockquote><blockquote><p><b>entry</b></p><p><b>contributor</b>: <a href=\"Practitioner-RiccardoAudisio.html\">Practitioner/RiccardoAudisio</a> &quot; AUDISIO&quot;</p><p><b>affiliation</b>: <span>: Department of Surgery, Institute of Clinical Sciences, Sahlgrenska University Hospital, Göteborg, Sweden</span></p></blockquote><blockquote><p><b>entry</b></p><p><b>contributor</b>: <a href=\"Practitioner-AntonioCherubini.html\">Practitioner/AntonioCherubini</a> &quot; CHERUBINI&quot;</p><p><b>affiliation</b>: <span>: Geriatria, Accettazione Geriatrica e Centro di ricerca per l'invecchiamento, IRCCS INRCA, Ancona, Italy</span></p></blockquote><blockquote><p><b>entry</b></p><p><b>contributor</b>: <a href=\"Practitioner-BrunoNeuner.html\">Practitioner/BrunoNeuner</a> &quot; NEUNER&quot;</p><p><b>affiliation</b>: <span>: Department of Anesthesiology and Intensive Care Medicine, Charité-Universitätsmedizin Berlin, Corporate Member of Freie Universität Berlin, and Humboldt Universität zu Berlin, Campus Charité Mitte, and Campus Virchow Klinikum</span></p></blockquote><blockquote><p><b>entry</b></p><p><b>contributor</b>: <a href=\"Practitioner-MariaSchubert.html\">Practitioner/MariaSchubert</a> &quot; SCHUBERT&quot;</p><p><b>affiliation</b>: <span>: School of Health Sciences, Institute of Nursing, ZHAW Zurich University of Applied Science, Winterthur, Switzerland</span></p></blockquote><blockquote><p><b>entry</b></p><p><b>contributor</b>: <a href=\"Practitioner-FatimaYuerek.html\">Practitioner/FatimaYuerek</a> &quot; YÜREK&quot;</p><p><b>affiliation</b>: <span>: Department of Anesthesiology and Intensive Care Medicine, Charité-Universitätsmedizin Berlin, Corporate Member of Freie Universität Berlin, and Humboldt Universität zu Berlin, Campus Charité Mitte, and Campus Virchow Klinikum</span></p></blockquote></blockquote></blockquote></div>"
  },
  "version" : "0.2.0",
  "name" : "Recommendation4_1PrevMeasuresIINonPharmacologicalInterventions",
  "title" : "Recommendation 4.1: Preventive Measures II (Non Pharmacological Interventions) - Screening for risk factors and optimizing preoperative status in older adults",
  "status" : "draft",
  "date" : "2024-02",
  "citedArtifact" : {
    "identifier" : [{
      "value" : "37599617-rec4.1"
    }],
    "version" : {
      "value" : "1.0"
    },
    "currentState" : [{
      "coding" : [{
        "system" : "http://hl7.org/fhir/cited-artifact-status-type",
        "code" : "published-final-form",
        "display" : "Published final form"
      }]
    }],
    "title" : [{
      "type" : [{
        "coding" : [{
          "system" : "http://hl7.org/fhir/title-type",
          "code" : "primary",
          "display" : "Primary title"
        }]
      }],
      "language" : {
        "coding" : [{
          "system" : "urn:ietf:bcp:47",
          "code" : "en"
        }]
      },
      "text" : "Recommendation 4.1"
    }],
    "part" : {
      "type" : {
        "coding" : [{
          "system" : "http://hl7.org/fhir/cited-artifact-part-type",
          "code" : "paragraphs",
          "display" : "paragraphs"
        }]
      },
      "value" : "We recommend that preoperative anaesthesia consultation in older adults includes the screening for risk factors for POD and addresses patients' needs to optimize their preoperative status."
    },
    "relatesTo" : [{
      "type" : "contained-in",
      "resource" : "https://www.netzwerk-universitaetsmedizin.de/fhir/cpg-on-ebmonfhir/example/Citation/ClinicalPracticeGuidelineESAICOnPostOpDeliriumInAdultPatients"
    }],
    "classification" : [{
      "type" : {
        "coding" : [{
          "system" : "http://hl7.org/fhir/cited-artifact-classification-type",
          "code" : "publication-type",
          "display" : "Publication Type"
        }]
      },
      "classifier" : [{
        "coding" : [{
          "system" : "https://www.netzwerk-universitaetsmedizin.de/fhir/cpg-on-ebm-on-fhir/CodeSystem/ceosys-code-system",
          "code" : "guideline-recommendation",
          "display" : "Clinical practice guideline recommendation"
        }]
      }]
    }],
    "contributorship" : {
      "entry" : [{
        "contributor" : {
          "reference" : "Practitioner/GabriellaBettelli"
        },
        "affiliation" : [{
          "display" : "Department of Biomedical Studies, University of the Republic of San Marino, San Marino"
        }]
      },
      {
        "contributor" : {
          "reference" : "Practitioner/PaolaAceto"
        },
        "affiliation" : [{
          "display" : "Dipartimento di Scienze dell'Emergenza, Anestesiologiche e della Rianimazione, Fondazione Policlinico Universitario A. Gemelli IRCCS, Rome, Italy"
        },
        {
          "display" : "Dipartimento di Scienze Biotecnologiche di Base, Cliniche Intensivologiche e Perioperatorie, Università Cattolica del Sacro Cuore, Rome, Italy"
        }]
      },
      {
        "contributor" : {
          "reference" : "Practitioner/RiccardoAudisio"
        },
        "affiliation" : [{
          "display" : "Department of Surgery, Institute of Clinical Sciences, Sahlgrenska University Hospital, Göteborg, Sweden"
        }]
      },
      {
        "contributor" : {
          "reference" : "Practitioner/AntonioCherubini"
        },
        "affiliation" : [{
          "display" : "Geriatria, Accettazione Geriatrica e Centro di ricerca per l'invecchiamento, IRCCS INRCA, Ancona, Italy"
        }]
      },
      {
        "contributor" : {
          "reference" : "Practitioner/BrunoNeuner"
        },
        "affiliation" : [{
          "display" : "Department of Anesthesiology and Intensive Care Medicine, Charité-Universitätsmedizin Berlin, Corporate Member of Freie Universität Berlin, and Humboldt Universität zu Berlin, Campus Charité Mitte, and Campus Virchow Klinikum"
        }]
      },
      {
        "contributor" : {
          "reference" : "Practitioner/MariaSchubert"
        },
        "affiliation" : [{
          "display" : "School of Health Sciences, Institute of Nursing, ZHAW Zurich University of Applied Science, Winterthur, Switzerland"
        }]
      },
      {
        "contributor" : {
          "reference" : "Practitioner/FatimaYuerek"
        },
        "affiliation" : [{
          "display" : "Department of Anesthesiology and Intensive Care Medicine, Charité-Universitätsmedizin Berlin, Corporate Member of Freie Universität Berlin, and Humboldt Universität zu Berlin, Campus Charité Mitte, and Campus Virchow Klinikum"
        }]
      }]
    }
  }
}