{
  "resourceType" : "Citation",
  "id" : "Recommendation6.2PharmacologicalTreatmentOfPODAndPODOutcomes",
  "meta" : {
    "profile" : ["https://www.netzwerk-universitaetsmedizin.de/fhir/cpg-on-ebm-on-fhir/StructureDefinition/recommendation-citation"]
  },
  "text" : {
    "status" : "generated",
    "div" : "<div xmlns=\"http://www.w3.org/1999/xhtml\"><p><b>Generated Narrative: Citation</b><a name=\"Recommendation6.2PharmacologicalTreatmentOfPODAndPODOutcomes\"> </a><a name=\"hcRecommendation6.2PharmacologicalTreatmentOfPODAndPODOutcomes\"> </a></p><div style=\"display: inline-block; background-color: #d9e0e7; padding: 6px; margin: 4px; border: 1px solid #8da1b4; border-radius: 5px; line-height: 60%\"><p style=\"margin-bottom: 0px\">ResourceCitation &quot;Recommendation6.2PharmacologicalTreatmentOfPODAndPODOutcomes&quot; </p><p style=\"margin-bottom: 0px\">Profile: <a href=\"file:///github/workspace/output/StructureDefinition-recommendation-citation.html\">Recommendation Citation</a></p></div><p><b>version</b>: 0.2.0</p><p><b>name</b>: Recommendation6_2PharmacologicalTreatmentOfPODAndPODOutcomes</p><p><b>title</b>: Recommendation 6.2: Pharmacological Treatment of POD and POD Outcomes - Benzodiazepines as treatment</p><p><b>status</b>: draft</p><p><b>date</b>: 2024-02</p><blockquote><p><b>citedArtifact</b></p><p><b>identifier</b>: 37599617-rec6.2</p><h3>Versions</h3><table class=\"grid\"><tr><td style=\"display: none\">-</td><td><b>Value</b></td></tr><tr><td style=\"display: none\">*</td><td>1.0</td></tr></table><p><b>currentState</b>: Published final form <span style=\"background: LightGoldenRodYellow; margin: 4px; border: 1px solid khaki\"> (<a href=\"http://hl7.org/fhir/R5/codesystem-cited-artifact-status-type.html\">Cited Artifact Status Type</a>#published-final-form)</span></p><h3>Titles</h3><table class=\"grid\"><tr><td style=\"display: none\">-</td><td><b>Type</b></td><td><b>Language</b></td><td><b>Text</b></td></tr><tr><td style=\"display: none\">*</td><td>Primary title <span style=\"background: LightGoldenRodYellow; margin: 4px; border: 1px solid khaki\"> (<a href=\"http://hl7.org/fhir/R5/codesystem-title-type.html\">Title Type</a>#primary)</span></td><td>en <span style=\"background: LightGoldenRodYellow; margin: 4px; border: 1px solid khaki\"> ([not stated]#en)</span></td><td>Recommendation 6.2</td></tr></table><h3>Parts</h3><table class=\"grid\"><tr><td style=\"display: none\">-</td><td><b>Type</b></td><td><b>Value</b></td></tr><tr><td style=\"display: none\">*</td><td>paragraphs <span style=\"background: LightGoldenRodYellow; margin: 4px; border: 1px solid khaki\"> (<a href=\"http://hl7.org/fhir/R5/codesystem-cited-artifact-part-type.html\">Cited Artifact Part Type</a>#paragraphs)</span></td><td>The use of benzodiazepines for the treatment of delirium in postoperative patients is not suggested. The evidence for the benefits of benzodiazepine therapy for treating POD symptoms or the underlying causes is very low to non-existent. This recommendation is not to be confused with delirium in the context of alcohol withdrawal, where benzodiazepines are recommended symptom orientated as the first-line medication (in a bolus-titrated dosage, lowest as possible).</td></tr></table><h3>RelatesTos</h3><table class=\"grid\"><tr><td style=\"display: none\">-</td><td><b>Type</b></td><td><b>Resource</b></td></tr><tr><td style=\"display: none\">*</td><td>contained-in</td><td><a href=\"Citation-ClinicalPracticeGuidelineESAICOnPostOpDeliriumInAdultPatients.html\">Update of the European Society of Anaesthesiology and Intensive Care Medicine evidence-based and consensus-based guideline on postoperative delirium in adult patients</a></td></tr></table><h3>Classifications</h3><table class=\"grid\"><tr><td style=\"display: none\">-</td><td><b>Type</b></td><td><b>Classifier</b></td></tr><tr><td style=\"display: none\">*</td><td>Publication Type <span style=\"background: LightGoldenRodYellow; margin: 4px; border: 1px solid khaki\"> (<a href=\"http://hl7.org/fhir/R5/codesystem-cited-artifact-classification-type.html\">Cited Artifact Classification Type</a>#publication-type)</span></td><td>Clinical practice guideline recommendation <span style=\"background: LightGoldenRodYellow; margin: 4px; border: 1px solid khaki\"> (<a href=\"file:///github/workspace/output/CodeSystem-ceosys-code-system.html\">CEOsys Code System</a>#guideline-recommendation)</span></td></tr></table><blockquote><p><b>contributorship</b></p><blockquote><p><b>entry</b></p><p><b>contributor</b>: <a href=\"Practitioner-ClaudiaSpies.html\">Practitioner/ClaudiaSpies</a> &quot; SPIES&quot;</p><p><b>affiliation</b>: <span>: Department of Anesthesiology and Intensive Care Medicine, Charité-Universitätsmedizin Berlin, Corporate Member of Freie Universität Berlin, and Humboldt Universität zu Berlin, Campus Charité Mitte, and Campus Virchow Klinikum</span></p></blockquote><blockquote><p><b>entry</b></p><p><b>contributor</b>: <a href=\"Practitioner-NicolaLatronico.html\">Practitioner/NicolaLatronico</a> &quot; LATRONICO&quot;</p><p><b>affiliation</b>: </p><ul><li><span>: Department of Medical and Surgical Specialties, Radiological Sciences and Public Health, University of Brescia</span></li><li><span>: Department of Anesthesia, Critical Care and Emergency, Spedali Civili University Hospital, Brescia, Italy</span></li></ul></blockquote><blockquote><p><b>entry</b></p><p><b>contributor</b>: <a href=\"Practitioner-AlasdairMacLullich.html\">Practitioner/AlasdairMacLullich</a> &quot; MACLULLICH&quot;</p><p><b>affiliation</b>: <span>: Edinburgh Delirium Research Group, Ageing and Health, Usher Institute, University of Edinburgh, Edinburgh, United Kingdom</span></p></blockquote><blockquote><p><b>entry</b></p><p><b>contributor</b>: <a href=\"Practitioner-AnikaMueller.html\">Practitioner/AnikaMueller</a> &quot; MUELLER&quot;</p><p><b>affiliation</b>: <span>: Department of Anesthesiology and Intensive Care Medicine, Charité-Universitätsmedizin Berlin, Corporate Member of Freie Universität Berlin, and Humboldt Universität zu Berlin, Campus Charité Mitte, and Campus Virchow Klinikum</span></p></blockquote><blockquote><p><b>entry</b></p><p><b>contributor</b>: <a href=\"Practitioner-FinnRadtke.html\">Practitioner/FinnRadtke</a> &quot; RADTKE&quot;</p><p><b>affiliation</b>: <span>: Department of Anaesthesia and Intensive Care, Nykoebing Hospital; University of Southern Denmark, SDU</span></p></blockquote><blockquote><p><b>entry</b></p><p><b>contributor</b>: <a href=\"Practitioner-LisaVasiljewa.html\">Practitioner/LisaVasiljewa</a> &quot; VASILJEWA&quot;</p><p><b>affiliation</b>: <span>: Department of Anesthesiology and Intensive Care Medicine, Charité-Universitätsmedizin Berlin, Corporate Member of Freie Universität Berlin, and Humboldt Universität zu Berlin, Campus Charité Mitte, and Campus Virchow Klinikum</span></p></blockquote></blockquote></blockquote></div>"
  },
  "version" : "0.2.0",
  "name" : "Recommendation6_2PharmacologicalTreatmentOfPODAndPODOutcomes",
  "title" : "Recommendation 6.2: Pharmacological Treatment of POD and POD Outcomes - Benzodiazepines as treatment",
  "status" : "draft",
  "date" : "2024-02",
  "citedArtifact" : {
    "identifier" : [{
      "value" : "37599617-rec6.2"
    }],
    "version" : {
      "value" : "1.0"
    },
    "currentState" : [{
      "coding" : [{
        "system" : "http://hl7.org/fhir/cited-artifact-status-type",
        "code" : "published-final-form",
        "display" : "Published final form"
      }]
    }],
    "title" : [{
      "type" : [{
        "coding" : [{
          "system" : "http://hl7.org/fhir/title-type",
          "code" : "primary",
          "display" : "Primary title"
        }]
      }],
      "language" : {
        "coding" : [{
          "code" : "en"
        }]
      },
      "text" : "Recommendation 6.2"
    }],
    "part" : {
      "type" : {
        "coding" : [{
          "system" : "http://hl7.org/fhir/cited-artifact-part-type",
          "code" : "paragraphs",
          "display" : "paragraphs"
        }]
      },
      "value" : "The use of benzodiazepines for the treatment of delirium in postoperative patients is not suggested. The evidence for the benefits of benzodiazepine therapy for treating POD symptoms or the underlying causes is very low to non-existent. This recommendation is not to be confused with delirium in the context of alcohol withdrawal, where benzodiazepines are recommended symptom orientated as the first-line medication (in a bolus-titrated dosage, lowest as possible)."
    },
    "relatesTo" : [{
      "type" : "contained-in",
      "resource" : "https://www.netzwerk-universitaetsmedizin.de/fhir/cpg-on-ebmonfhir/example/Citation/ClinicalPracticeGuidelineESAICOnPostOpDeliriumInAdultPatients"
    }],
    "classification" : [{
      "type" : {
        "coding" : [{
          "system" : "http://hl7.org/fhir/cited-artifact-classification-type",
          "code" : "publication-type",
          "display" : "Publication Type"
        }]
      },
      "classifier" : [{
        "coding" : [{
          "system" : "https://www.netzwerk-universitaetsmedizin.de/fhir/cpg-on-ebm-on-fhir/CodeSystem/ceosys-code-system",
          "code" : "guideline-recommendation",
          "display" : "Clinical practice guideline recommendation"
        }]
      }]
    }],
    "contributorship" : {
      "entry" : [{
        "contributor" : {
          "reference" : "Practitioner/ClaudiaSpies"
        },
        "affiliation" : [{
          "display" : "Department of Anesthesiology and Intensive Care Medicine, Charité-Universitätsmedizin Berlin, Corporate Member of Freie Universität Berlin, and Humboldt Universität zu Berlin, Campus Charité Mitte, and Campus Virchow Klinikum"
        }]
      },
      {
        "contributor" : {
          "reference" : "Practitioner/NicolaLatronico"
        },
        "affiliation" : [{
          "display" : "Department of Medical and Surgical Specialties, Radiological Sciences and Public Health, University of Brescia"
        },
        {
          "display" : "Department of Anesthesia, Critical Care and Emergency, Spedali Civili University Hospital, Brescia, Italy"
        }]
      },
      {
        "contributor" : {
          "reference" : "Practitioner/AlasdairMacLullich"
        },
        "affiliation" : [{
          "display" : "Edinburgh Delirium Research Group, Ageing and Health, Usher Institute, University of Edinburgh, Edinburgh, United Kingdom"
        }]
      },
      {
        "contributor" : {
          "reference" : "Practitioner/AnikaMueller"
        },
        "affiliation" : [{
          "display" : "Department of Anesthesiology and Intensive Care Medicine, Charité-Universitätsmedizin Berlin, Corporate Member of Freie Universität Berlin, and Humboldt Universität zu Berlin, Campus Charité Mitte, and Campus Virchow Klinikum"
        }]
      },
      {
        "contributor" : {
          "reference" : "Practitioner/FinnRadtke"
        },
        "affiliation" : [{
          "display" : "Department of Anaesthesia and Intensive Care, Nykoebing Hospital; University of Southern Denmark, SDU"
        }]
      },
      {
        "contributor" : {
          "reference" : "Practitioner/LisaVasiljewa"
        },
        "affiliation" : [{
          "display" : "Department of Anesthesiology and Intensive Care Medicine, Charité-Universitätsmedizin Berlin, Corporate Member of Freie Universität Berlin, and Humboldt Universität zu Berlin, Campus Charité Mitte, and Campus Virchow Klinikum"
        }]
      }]
    }
  }
}