{
  "resourceType" : "PlanDefinition",
  "id" : "RecPlanIntraoperativeEEGMonitoringDepth",
  "meta" : {
    "profile" : ["https://www.netzwerk-universitaetsmedizin.de/fhir/cpg-on-ebm-on-fhir/StructureDefinition/recommendation-plan"]
  },
  "text" : {
    "status" : "extensions",
    "div" : "<div xmlns=\"http://www.w3.org/1999/xhtml\"><p><b>Generated Narrative: PlanDefinition</b><a name=\"RecPlanIntraoperativeEEGMonitoringDepth\"> </a><a name=\"hcRecPlanIntraoperativeEEGMonitoringDepth\"> </a></p><div style=\"display: inline-block; background-color: #d9e0e7; padding: 6px; margin: 4px; border: 1px solid #8da1b4; border-radius: 5px; line-height: 60%\"><p style=\"margin-bottom: 0px\">ResourcePlanDefinition &quot;RecPlanIntraoperativeEEGMonitoringDepth&quot; </p><p style=\"margin-bottom: 0px\">Profile: <a href=\"file:///github/workspace/output/StructureDefinition-recommendation-plan.html\">Recommendation Plan</a></p></div><p><b>knowledgeCapability</b>: computable</p><p><b>knowledgeRepresentationLevel</b>: structured</p><p><b>partOf</b>: <a href=\"PlanDefinition-RecCollIntraoperativeEEGMonitoringDepth.html\">Recommendation Collection: Use Index-based EEG monitoring depth of anaesthesia guidance in Adult Surgical Patients Intraoperatively</a></p><blockquote><p><b>Action Combination Method</b></p><blockquote><p><b>url</b></p><code>method</code></blockquote><p><b>value</b>: All <span style=\"background: LightGoldenRodYellow; margin: 4px; border: 1px solid khaki\"> (<a href=\"file:///github/workspace/output/CodeSystem-cs-action-combination-method.html\">Action Combination Method</a>#all)</span></p></blockquote><p><b>url</b>: <code>https://www.netzwerk-universitaetsmedizin.de/fhir/cpg-on-ebmonfhir/example/PlanDefinition/RecPlanIntraoperativeEEGMonitoringDepth</code></p><p><b>version</b>: 0.2.0</p><p><b>name</b>: RecPlanIntraoperativeEEGMonitoringDepth</p><p><b>title</b>: Recommended Plan for Population: Adult Surgical Patients Intraoperatively, use Index-based EEG monitoring depth of anaesthesia guidance</p><p><b>type</b>: ECA Rule <span style=\"background: LightGoldenRodYellow; margin: 4px; border: 1px solid khaki\"> (<a href=\"http://terminology.hl7.org/5.5.0/CodeSystem-plan-definition-type.html\">PlanDefinitionType</a>#eca-rule)</span></p><p><b>status</b>: draft</p><p><b>experimental</b>: true</p><p><b>subject</b>: <a href=\"EvidenceVariable-PopAdultPatientsIntraoperativelyGeneral.html\">Population: General Adult Surgical Patients Intraoperatively</a></p><p><b>date</b>: 2024-02</p><p><b>publisher</b>: DIGIPOD</p><p><b>description</b>: Recommended Plan for Adult Surgical Patients, Intraoperatively, use Index-based EEG monitoring depth of anaesthesia guidance</p><h3>Actions</h3><table class=\"grid\"><tr><td style=\"display: none\">-</td><td><b>Code</b></td><td><b>Reason</b></td><td><b>RequiredBehavior</b></td><td><b>Definition[x]</b></td></tr><tr><td style=\"display: none\">*</td><td>Evaluation procedure (procedure) <span style=\"background: LightGoldenRodYellow; margin: 4px; border: 1px solid khaki\"> (<a href=\"https://browser.ihtsdotools.org/\">SNOWMED CT</a>#386053000)</span></td><td>Quality measure <span style=\"background: LightGoldenRodYellow; margin: 4px; border: 1px solid khaki\"> (<a href=\"http://hl7.org/fhir/R5/codesystem-action-reason-code.html\">Action Reason Code</a>#quality-measure)</span></td><td>must</td><td><a href=\"ActivityDefinition-RecActionIntraoperativeEEGMonitoringDepth.html\">Recommended Action for Population: Adult Surgical Patients Intraoperatively, use Index-based EEG monitoring depth of anaesthesia guidance</a></td></tr></table></div>"
  },
  "extension" : [{
    "url" : "http://hl7.org/fhir/uv/cpg/StructureDefinition/cpg-knowledgeCapability",
    "valueCode" : "computable"
  },
  {
    "url" : "http://hl7.org/fhir/uv/cpg/StructureDefinition/cpg-knowledgeRepresentationLevel",
    "valueCode" : "structured"
  },
  {
    "url" : "http://hl7.org/fhir/uv/cpg/StructureDefinition/cpg-partOf",
    "valueCanonical" : "https://www.netzwerk-universitaetsmedizin.de/fhir/cpg-on-ebmonfhir/example/PlanDefinition/RecCollIntraoperativeEEGMonitoringDepth"
  },
  {
    "extension" : [{
      "url" : "method",
      "valueCodeableConcept" : {
        "coding" : [{
          "system" : "https://www.netzwerk-universitaetsmedizin.de/fhir/cpg-on-ebm-on-fhir/CodeSystem/cs-action-combination-method",
          "code" : "all"
        }]
      }
    }],
    "url" : "https://www.netzwerk-universitaetsmedizin.de/fhir/cpg-on-ebm-on-fhir/StructureDefinition/ext-action-combination-method"
  }],
  "url" : "https://www.netzwerk-universitaetsmedizin.de/fhir/cpg-on-ebmonfhir/example/PlanDefinition/RecPlanIntraoperativeEEGMonitoringDepth",
  "version" : "0.2.0",
  "name" : "RecPlanIntraoperativeEEGMonitoringDepth",
  "title" : "Recommended Plan for Population: Adult Surgical Patients Intraoperatively, use Index-based EEG monitoring depth of anaesthesia guidance",
  "type" : {
    "coding" : [{
      "system" : "http://terminology.hl7.org/CodeSystem/plan-definition-type",
      "code" : "eca-rule"
    }]
  },
  "status" : "draft",
  "experimental" : true,
  "subjectCanonical" : "https://www.netzwerk-universitaetsmedizin.de/fhir/cpg-on-ebmonfhir/example/EvidenceVariable/PopAdultPatientsIntraoperativelyGeneral",
  "date" : "2024-02",
  "publisher" : "DIGIPOD",
  "description" : "Recommended Plan for Adult Surgical Patients, Intraoperatively, use Index-based EEG monitoring depth of anaesthesia guidance",
  "action" : [{
    "code" : {
      "coding" : [{
        "system" : "http://snomed.info/sct",
        "code" : "386053000",
        "display" : "Evaluation procedure (procedure)"
      }]
    },
    "reason" : [{
      "coding" : [{
        "system" : "http://hl7.org/fhir/action-reason-code",
        "code" : "quality-measure",
        "display" : "Quality measure"
      }]
    }],
    "requiredBehavior" : "must",
    "definitionCanonical" : "https://www.netzwerk-universitaetsmedizin.de/fhir/cpg-on-ebmonfhir/example/ActivityDefinition/RecActionIntraoperativeEEGMonitoringDepth"
  }]
}