{"resourceType":"ActivityDefinition","id":"RecActionOlderAdultSurgicalPatientsPreoperativelyCheckRF","meta":{"profile":["https://www.netzwerk-universitaetsmedizin.de/fhir/cpg-on-ebm-on-fhir/StructureDefinition/recommendation-action"]},"extension":[{"url":"http://hl7.org/fhir/uv/cpg/StructureDefinition/cpg-knowledgeCapability","valueCode":"computable"},{"url":"http://hl7.org/fhir/uv/cpg/StructureDefinition/cpg-knowledgeRepresentationLevel","valueCode":"structured"}],"url":"https://www.netzwerk-universitaetsmedizin.de/fhir/cpg-on-ebmonfhir/example/ActivityDefinition/RecActionOlderAdultSurgicalPatientsPreoperativelyCheckRF","version":"0.2.0","name":"RecActionOlderAdultSurgicalPatientsPreoperativelyCheckRF","title":"Recommended Action for Population: Older Adult Surgical Patients Preoperatively, check predisposing and precipitating risk factors","status":"draft","experimental":true,"subjectCodeableConcept":{"coding":[{"system":"http://hl7.org/fhir/fhir-types","code":"Patient"}]},"date":"2024-02","publisher":"DIGIPOD","description":"Recommended Action for Adult Surgical Patients Preoperatively, 70 years old or older, check predisposing and precipitating risk factors","kind":"ServiceRequest","code":{"coding":[{"system":"http://snomed.info/sct","code":"772787001","display":"Assessment for risk of delirium (procedure)"}]}}