{"resourceType":"ActivityDefinition","id":"RecActionAdultPatientsPostoperativelyCheck3DCAMMorningShift","meta":{"profile":["https://www.netzwerk-universitaetsmedizin.de/fhir/cpg-on-ebm-on-fhir/StructureDefinition/assessment-action"]},"extension":[{"url":"http://hl7.org/fhir/uv/cpg/StructureDefinition/cpg-knowledgeCapability","valueCode":"computable"},{"url":"http://hl7.org/fhir/uv/cpg/StructureDefinition/cpg-knowledgeRepresentationLevel","valueCode":"structured"}],"url":"https://www.netzwerk-universitaetsmedizin.de/fhir/cpg-on-ebmonfhir/example/ActivityDefinition/RecActionAdultPatientsPostoperativelyCheck3DCAMMorningShift","version":"0.2.0","name":"RecActionAdultPatientsPostoperativelyCheck3DCAMMorningShift","title":"Recommended Action for Population: Adult Surgical Patients Postoperatively on a Normal Ward, check 3-minute Diagnostic Interview for CAM-defined Delirium (3D-CAM) score during the morning shift","status":"draft","experimental":true,"subjectCodeableConcept":{"coding":[{"system":"http://hl7.org/fhir/fhir-types","code":"Patient"}]},"date":"2024-04","publisher":"DIGIPOD","description":"Recommended Action for Adult Surgical Patients Postoperatively on a Normal Ward, check 3-minute Diagnostic Interview for CAM-defined Delirium (3D-CAM) score during the morning shift.","kind":"ServiceRequest","code":{"coding":[{"system":"https://www.charite.de/fhir/digipod/CodeSystem/digipod","code":"021","display":"3-minute Diagnostic Interview for CAM-defined Delirium score"}]},"timingTiming":{"repeat":{"count":1,"when":["MORN"]}}}