{"resourceType":"ActivityDefinition","id":"RecActionOlderAdultPatientsPreoperativelyCheckDeglutitionRF","meta":{"profile":["https://www.netzwerk-universitaetsmedizin.de/fhir/cpg-on-ebm-on-fhir/StructureDefinition/recommendation-action"]},"extension":[{"url":"http://hl7.org/fhir/uv/cpg/StructureDefinition/cpg-knowledgeCapability","valueCode":"computable"},{"url":"http://hl7.org/fhir/uv/cpg/StructureDefinition/cpg-knowledgeRepresentationLevel","valueCode":"structured"}],"url":"https://www.netzwerk-universitaetsmedizin.de/fhir/cpg-on-ebmonfhir/example/ActivityDefinition/RecActionOlderAdultPatientsPreoperativelyCheckDeglutitionRF","version":"0.2.0","name":"RecActionOlderAdultPatientsPreoperativelyCheckDeglutitionRF","title":"Recommended Action for Population: Older Adult Surgical Patients Preoperatively, check for deglutition disorders as risk factors for POD","status":"draft","experimental":true,"subjectCodeableConcept":{"coding":[{"system":"http://hl7.org/fhir/fhir-types","code":"Patient"}]},"date":"2024-02","publisher":"DIGIPOD","description":"Recommended Action for Adult Surgical Patients Preoperatively, 70 years old or older, check for deglutition disorders as risk factors for postoperative delirium (POD)","kind":"ServiceRequest","code":{"coding":[{"system":"http://snomed.info/sct","code":"440363007","display":"Evaluation of oral and pharyngeal swallowing function (procedure)"}]}}