{"resourceType":"ActivityDefinition","id":"RecActionAdultPatientsPostoperativelyCheckDRSNightShift","meta":{"profile":["https://www.netzwerk-universitaetsmedizin.de/fhir/cpg-on-ebm-on-fhir/StructureDefinition/assessment-action"]},"extension":[{"url":"http://hl7.org/fhir/uv/cpg/StructureDefinition/cpg-knowledgeCapability","valueCode":"computable"},{"url":"http://hl7.org/fhir/uv/cpg/StructureDefinition/cpg-knowledgeRepresentationLevel","valueCode":"structured"}],"url":"https://www.netzwerk-universitaetsmedizin.de/fhir/cpg-on-ebmonfhir/example/ActivityDefinition/RecActionAdultPatientsPostoperativelyCheckDRSNightShift","version":"0.2.0","name":"RecActionAdultPatientsPostoperativelyCheckDRSNightShift","title":"Recommended Action for Population: Adult Surgical Patients Postoperatively on a Normal Ward, check Delirium Rating Scale (DRS) score during the night shift","status":"draft","experimental":true,"subjectCodeableConcept":{"coding":[{"system":"http://hl7.org/fhir/fhir-types","code":"Patient"}]},"date":"2024-04","publisher":"DIGIPOD","description":"Recommended Action for Adult Surgical Patients Postoperatively on a Normal Ward, check Delirium Rating Scale (DRS) score during the night shift.","kind":"ServiceRequest","code":{"coding":[{"system":"https://www.charite.de/fhir/digipod/CodeSystem/digipod","code":"019","display":"Delirium Rating Scale score"}]},"timingTiming":{"repeat":{"count":1,"when":["NIGHT"]}}}