{"resourceType":"ActivityDefinition","id":"RecActionIntraoperativeEEGMonitoringBurstSuppression","meta":{"profile":["https://www.netzwerk-universitaetsmedizin.de/fhir/cpg-on-ebm-on-fhir/StructureDefinition/recommendation-action"]},"extension":[{"url":"http://hl7.org/fhir/uv/cpg/StructureDefinition/cpg-knowledgeCapability","valueCode":"computable"},{"url":"http://hl7.org/fhir/uv/cpg/StructureDefinition/cpg-knowledgeRepresentationLevel","valueCode":"structured"}],"url":"https://www.netzwerk-universitaetsmedizin.de/fhir/cpg-on-ebmonfhir/example/ActivityDefinition/RecActionIntraoperativeEEGMonitoringBurstSuppression","version":"0.2.0","name":"RecActionIntraoperativeEEGMonitoringBurstSuppression","title":"Recommended Action for Population: Adult Surgical Patients Intraoperatively, perform monitoring burst suppression pattern using electroencephalography","status":"draft","experimental":true,"subjectCodeableConcept":{"coding":[{"system":"http://hl7.org/fhir/fhir-types","code":"Patient"}]},"date":"2024-02","publisher":"DIGIPOD","description":"Recommended Action for Adult Surgical Patients, Intraoperatively, burst suppression patterns should be monitored using electroencephalography (EEG).","kind":"ServiceRequest","code":{"coding":[{"system":"https://www.charite.de/fhir/digipod/CodeSystem/digipod","code":"014","display":"Monitoring burst suppression patterns"}]}}