{"resourceType":"ActivityDefinition","id":"RecActionAdultSurgicalPatientsPreoperativelyNeedMMSEFeeWarning","meta":{"profile":["https://www.netzwerk-universitaetsmedizin.de/fhir/cpg-on-ebm-on-fhir/StructureDefinition/recommendation-action"]},"extension":[{"url":"http://hl7.org/fhir/uv/cpg/StructureDefinition/cpg-knowledgeCapability","valueCode":"computable"},{"url":"http://hl7.org/fhir/uv/cpg/StructureDefinition/cpg-knowledgeRepresentationLevel","valueCode":"structured"}],"url":"https://www.netzwerk-universitaetsmedizin.de/fhir/cpg-on-ebmonfhir/example/ActivityDefinition/RecActionAdultSurgicalPatientsPreoperativelyNeedMMSEFeeWarning","version":"0.2.0","name":"RecActionAdultSurgicalPatientsPreoperativelyNeedMMSEFeeWarning","title":"Recommended Action for Population: Adult Surgical Patients Preoperatively with Positive Mini-cog Test Score that need MMSE, provide warning for license fees","status":"draft","experimental":true,"subjectCodeableConcept":{"coding":[{"system":"http://hl7.org/fhir/fhir-types","code":"Patient"}]},"date":"2024-02","publisher":"DIGIPOD","description":"Recommended Action for Adult Surgical Patients Preoperatively if Mini-cog test score is equal to or higher than 3 that need MMSE, provide warning for license fees","kind":"CommunicationRequest","code":{"text":"Provide warning about license fees for Mini-Mental State Examination"}}