{"resourceType":"ActivityDefinition","id":"RecActionOlderAdultPatientsPreoperativelyCheckCognitiveRF","meta":{"profile":["https://www.netzwerk-universitaetsmedizin.de/fhir/cpg-on-ebm-on-fhir/StructureDefinition/recommendation-action"]},"extension":[{"url":"http://hl7.org/fhir/uv/cpg/StructureDefinition/cpg-knowledgeCapability","valueCode":"computable"},{"url":"http://hl7.org/fhir/uv/cpg/StructureDefinition/cpg-knowledgeRepresentationLevel","valueCode":"structured"}],"url":"https://www.netzwerk-universitaetsmedizin.de/fhir/cpg-on-ebmonfhir/example/ActivityDefinition/RecActionOlderAdultPatientsPreoperativelyCheckCognitiveRF","version":"0.2.0","name":"RecActionOlderAdultPatientsPreoperativelyCheckCognitiveRF","title":"Recommended Action for Population: Older Adult Surgical Patients Preoperatively, check for cognitive deficits as risk factors for POD","status":"draft","experimental":true,"subjectCodeableConcept":{"coding":[{"system":"http://hl7.org/fhir/fhir-types","code":"Patient"}]},"date":"2024-02","publisher":"DIGIPOD","description":"Recommended Action for Adult Surgical Patients Preoperatively, 70 years old or older, check for cognitive deficits as risk factors for postoperative delirium (POD)","kind":"ServiceRequest","code":{"coding":[{"system":"http://snomed.info/sct","version":"http://snomed.info/sct/900000000000207008/version/20240201","code":"1100881000168104","display":"Assessment of cognitive function (procedure)"}]}}