{"resourceType":"ActivityDefinition","id":"RecActionAdultSurgicalPatientsPreoperativelyCheckRFASA","meta":{"profile":["https://www.netzwerk-universitaetsmedizin.de/fhir/cpg-on-ebm-on-fhir/StructureDefinition/assessment-action"]},"extension":[{"url":"http://hl7.org/fhir/uv/cpg/StructureDefinition/cpg-knowledgeCapability","valueCode":"computable"},{"url":"http://hl7.org/fhir/uv/cpg/StructureDefinition/cpg-knowledgeRepresentationLevel","valueCode":"structured"}],"url":"https://www.netzwerk-universitaetsmedizin.de/fhir/cpg-on-ebmonfhir/example/ActivityDefinition/RecActionAdultSurgicalPatientsPreoperativelyCheckRFASA","version":"0.2.0","name":"RecActionAdultSurgicalPatientsPreoperativelyCheckRFASA","title":"Recommended Action for Population: Adult Surgical Patients Preoperatively, check risk factor American Society of Anesthesiology Physical status score","status":"draft","experimental":true,"subjectCodeableConcept":{"coding":[{"system":"http://hl7.org/fhir/fhir-types","code":"Patient"}]},"date":"2024-02","publisher":"DIGIPOD","description":"Recommended Action for Adult Surgical Patients Preoperatively, check risk factor American Society of Anesthesiology Physical status score.","kind":"ServiceRequest","code":{"coding":[{"system":"http://snomed.info/sct","code":"302132005","display":"American Society of Anesthesiologists physical status class (observable entity)"}]},"timingTiming":{"repeat":{"count":1}}}