{"resourceType":"ActivityDefinition","id":"RecActionAdultSurgicalPatientsPreoperativelyCheckRFMoCA","meta":{"profile":["https://www.netzwerk-universitaetsmedizin.de/fhir/cpg-on-ebm-on-fhir/StructureDefinition/assessment-action"]},"extension":[{"url":"http://hl7.org/fhir/uv/cpg/StructureDefinition/cpg-knowledgeCapability","valueCode":"computable"},{"url":"http://hl7.org/fhir/uv/cpg/StructureDefinition/cpg-knowledgeRepresentationLevel","valueCode":"structured"}],"url":"https://www.netzwerk-universitaetsmedizin.de/fhir/cpg-on-ebmonfhir/example/ActivityDefinition/RecActionAdultSurgicalPatientsPreoperativelyCheckRFMoCA","version":"0.2.0","name":"RecActionAdultSurgicalPatientsPreoperativelyCheckRFMoCA","title":"Recommended Action for Population: Adult Surgical Patients Preoperatively with Positive Mini-cog Test Score, check risk factor Montreal Cognitive Assessment score","status":"draft","experimental":true,"subjectCodeableConcept":{"coding":[{"system":"http://hl7.org/fhir/fhir-types","code":"Patient"}]},"date":"2024-02","publisher":"DIGIPOD","description":"Recommended Action for Adult Surgical Patients Preoperatively if Mini-cog test score is equal to or higher than 3, check risk factor Montreal Cognitive Assessment (MoCA) score.","kind":"ServiceRequest","code":{"coding":[{"system":"http://snomed.info/sct","code":"1255891005","display":"Montreal Cognitive Assessment version 8.1 score (observable entity)"}]},"timingTiming":{"repeat":{"count":1}}}