{"resourceType":"ActivityDefinition","id":"RecActionOlderAdultPatientsPreoperativelyCheckDepressionRF","meta":{"profile":["https://www.netzwerk-universitaetsmedizin.de/fhir/cpg-on-ebm-on-fhir/StructureDefinition/recommendation-action"]},"extension":[{"url":"http://hl7.org/fhir/uv/cpg/StructureDefinition/cpg-knowledgeCapability","valueCode":"computable"},{"url":"http://hl7.org/fhir/uv/cpg/StructureDefinition/cpg-knowledgeRepresentationLevel","valueCode":"structured"}],"url":"https://www.netzwerk-universitaetsmedizin.de/fhir/cpg-on-ebmonfhir/example/ActivityDefinition/RecActionOlderAdultPatientsPreoperativelyCheckDepressionRF","version":"0.2.0","name":"RecActionOlderAdultPatientsPreoperativelyCheckDepressionRF","title":"Recommended Action for Population: Older Adult Surgical Patients Preoperatively, check for depression as risk factor for POD","status":"draft","experimental":true,"subjectCodeableConcept":{"coding":[{"system":"http://hl7.org/fhir/fhir-types","code":"Patient"}]},"date":"2024-02","publisher":"DIGIPOD","description":"Recommended Action for Adult Surgical Patients Preoperatively, 70 years old or older, check for depression as risk factor for postoperative delirium (POD)","kind":"ServiceRequest","code":{"coding":[{"system":"http://snomed.info/sct","code":"710846002","display":"Assessment of depressed mood (procedure)"}]}}