{"resourceType":"ActivityDefinition","id":"RecActionAdultPatientsPreoperativelyCheckDOS","meta":{"profile":["https://www.netzwerk-universitaetsmedizin.de/fhir/cpg-on-ebm-on-fhir/StructureDefinition/assessment-action"]},"extension":[{"url":"http://hl7.org/fhir/uv/cpg/StructureDefinition/cpg-knowledgeCapability","valueCode":"computable"},{"url":"http://hl7.org/fhir/uv/cpg/StructureDefinition/cpg-knowledgeRepresentationLevel","valueCode":"structured"}],"url":"https://www.netzwerk-universitaetsmedizin.de/fhir/cpg-on-ebmonfhir/example/ActivityDefinition/RecActionAdultPatientsPreoperativelyCheckDOS","version":"0.2.0","name":"RecActionAdultPatientsPreoperativelyCheckDOS","title":"Recommended Action for Population: Adult Surgical Patients Preoperatively, check Delirium Observation Scale (DOS) score","status":"draft","experimental":true,"subjectCodeableConcept":{"coding":[{"system":"http://hl7.org/fhir/fhir-types","code":"Patient"}]},"date":"2024-04","publisher":"DIGIPOD","description":"Recommended Action for Adult Surgical Patients Preoperatively, check baseline Delirium Observation Scale (DOS) score.","kind":"ServiceRequest","code":{"coding":[{"system":"https://www.charite.de/fhir/digipod/CodeSystem/digipod","code":"020","display":"Delirium Observation Scale score"}]},"timingTiming":{"repeat":{"count":1}}}