{"resourceType":"ActivityDefinition","id":"RecActionAdultSurgicalPatientsPreoperativelyCheckRFACER","meta":{"profile":["https://www.netzwerk-universitaetsmedizin.de/fhir/cpg-on-ebm-on-fhir/StructureDefinition/assessment-action"]},"extension":[{"url":"http://hl7.org/fhir/uv/cpg/StructureDefinition/cpg-knowledgeCapability","valueCode":"computable"},{"url":"http://hl7.org/fhir/uv/cpg/StructureDefinition/cpg-knowledgeRepresentationLevel","valueCode":"structured"}],"url":"https://www.netzwerk-universitaetsmedizin.de/fhir/cpg-on-ebmonfhir/example/ActivityDefinition/RecActionAdultSurgicalPatientsPreoperativelyCheckRFACER","version":"0.2.0","name":"RecActionAdultSurgicalPatientsPreoperativelyCheckRFACER-R","title":"Recommended Action for Population: Adult Surgical Patients Preoperatively if Mini-cog test score is equal to or higher than 3, check risk factor Addenbrooke's Cognitive Examination revised score","status":"draft","experimental":true,"subjectCodeableConcept":{"coding":[{"system":"http://hl7.org/fhir/fhir-types","code":"Patient"}]},"date":"2024-02","publisher":"DIGIPOD","description":"Recommended Action for Adult Surgical Patients Preoperatively if Mini-cog test score is equal to or higher than 3, check risk factor Addenbrooke's Cognitive Examination revised score.","kind":"ServiceRequest","code":{"coding":[{"system":"https://www.charite.de/fhir/digipod/CodeSystem/digipod","code":"012","display":"Result of Addenbrooke cognitive examination revised"}]},"timingTiming":{"repeat":{"count":1}}}