{"resourceType":"ActivityDefinition","id":"RecActionOlderAdultPatientsPreoperativelyCheckNeurologicalRF","meta":{"profile":["https://www.netzwerk-universitaetsmedizin.de/fhir/cpg-on-ebm-on-fhir/StructureDefinition/recommendation-action"]},"extension":[{"url":"http://hl7.org/fhir/uv/cpg/StructureDefinition/cpg-knowledgeCapability","valueCode":"computable"},{"url":"http://hl7.org/fhir/uv/cpg/StructureDefinition/cpg-knowledgeRepresentationLevel","valueCode":"structured"}],"url":"https://www.netzwerk-universitaetsmedizin.de/fhir/cpg-on-ebmonfhir/example/ActivityDefinition/RecActionOlderAdultPatientsPreoperativelyCheckNeurologicalRF","version":"0.2.0","name":"RecActionOlderAdultPatientsPreoperativelyCheckNeurologicalRF","title":"Recommended Action for Population: Older Adult Surgical Patients Preoperatively, check for neurological diconditionsseases as risk factors for POD","status":"draft","experimental":true,"subjectCodeableConcept":{"coding":[{"system":"http://hl7.org/fhir/fhir-types","code":"Patient"}]},"date":"2024-02","publisher":"DIGIPOD","description":"Recommended Action for Adult Surgical Patients Preoperatively, 70 years old or older, check neurological conditions as risk factors for postoperative delirium (POD)","kind":"ServiceRequest","code":{"coding":[{"system":"http://snomed.info/sct","code":"225398001","display":"Neurological assessment (procedure)"}]}}