{"resourceType":"ActivityDefinition","id":"RecActionAdultSurgicalPatientsPreoperativelyCheckRFMMSE","meta":{"profile":["https://www.netzwerk-universitaetsmedizin.de/fhir/cpg-on-ebm-on-fhir/StructureDefinition/assessment-action"]},"extension":[{"url":"http://hl7.org/fhir/uv/cpg/StructureDefinition/cpg-knowledgeCapability","valueCode":"computable"},{"url":"http://hl7.org/fhir/uv/cpg/StructureDefinition/cpg-knowledgeRepresentationLevel","valueCode":"structured"}],"url":"https://www.netzwerk-universitaetsmedizin.de/fhir/cpg-on-ebmonfhir/example/ActivityDefinition/RecActionAdultSurgicalPatientsPreoperativelyCheckRFMMSE","version":"0.2.0","name":"RecActionAdultSurgicalPatientsPreoperativelyCheckRFMMSE","title":"Recommended Action for Population: Adult Surgical Patients Preoperatively, check risk factor Mini-Mental State Examination Score if Mini-cog test score is equal to or higher than 3. Please note that MMSE is not free of charge (license fees)","status":"draft","experimental":true,"subjectCodeableConcept":{"coding":[{"system":"http://hl7.org/fhir/fhir-types","code":"Patient"}]},"date":"2024-02","publisher":"DIGIPOD","description":"Recommended Action for Adult Surgical Patients Preoperatively if Mini-cog test score is equal to or higher than 3, check risk factor Mini-Mental State Examination Score if Mini-cog test score is equal to or higher than 3.","kind":"ServiceRequest","code":{"coding":[{"system":"http://snomed.info/sct","code":"447316007","display":"Mini-mental state examination score (observable entity)"}]},"timingTiming":{"repeat":{"count":1}}}