{"resourceType":"ActivityDefinition","id":"RecActionIntraoperativeEEGMonitoringDepth","meta":{"profile":["https://www.netzwerk-universitaetsmedizin.de/fhir/cpg-on-ebm-on-fhir/StructureDefinition/recommendation-action"]},"extension":[{"url":"http://hl7.org/fhir/uv/cpg/StructureDefinition/cpg-knowledgeCapability","valueCode":"computable"},{"url":"http://hl7.org/fhir/uv/cpg/StructureDefinition/cpg-knowledgeRepresentationLevel","valueCode":"structured"}],"url":"https://www.netzwerk-universitaetsmedizin.de/fhir/cpg-on-ebmonfhir/example/ActivityDefinition/RecActionIntraoperativeEEGMonitoringDepth","version":"0.2.0","name":"RecActionIntraoperativeEEGMonitoringDepth","title":"Recommended Action for Population: Adult Surgical Patients Intraoperatively, use Index-based EEG monitoring depth of anaesthesia guidance","status":"draft","experimental":true,"subjectCodeableConcept":{"coding":[{"system":"http://hl7.org/fhir/fhir-types","code":"Patient"}]},"date":"2024-02","publisher":"DIGIPOD","description":"Recommended Action for Adult Surgical Patients, Intraoperatively, use Index-based EEG monitoring depth of anaesthesia guidance to decrease the risk of POD.","kind":"ServiceRequest","code":{"coding":[{"system":"https://www.charite.de/fhir/digipod/CodeSystem/digipod","code":"013","display":"Index-based Electroencephalogram monitoring depth of anaesthesia guidance"}]}}