{"resourceType":"ActivityDefinition","id":"RecActionIntraoperativeEEGDensitySpectralArray","meta":{"profile":["https://www.netzwerk-universitaetsmedizin.de/fhir/cpg-on-ebm-on-fhir/StructureDefinition/recommendation-action"]},"extension":[{"url":"http://hl7.org/fhir/uv/cpg/StructureDefinition/cpg-knowledgeCapability","valueCode":"computable"},{"url":"http://hl7.org/fhir/uv/cpg/StructureDefinition/cpg-knowledgeRepresentationLevel","valueCode":"structured"}],"url":"https://www.netzwerk-universitaetsmedizin.de/fhir/cpg-on-ebmonfhir/example/ActivityDefinition/RecActionIntraoperativeEEGDensitySpectralArray","version":"0.2.0","name":"RecActionIntraoperativeEEGDensitySpectralArray","title":"Recommended Action for Population: Adult Surgical Patients Intraoperatively, use electroencephalographic density spectral array","status":"draft","experimental":true,"subjectCodeableConcept":{"coding":[{"system":"http://hl7.org/fhir/fhir-types","code":"Patient"}]},"date":"2024-02","publisher":"DIGIPOD","description":"Recommended Action for Adult Surgical Patients, Intraoperatively, EEG monitoring must include density spectral array (DSA)","kind":"ServiceRequest","code":{"coding":[{"system":"https://www.charite.de/fhir/digipod/CodeSystem/digipod","code":"015","display":"Encephalographic density spectral array"}]}}