{"resourceType":"ActivityDefinition","id":"RecActionAdultSurgicalPatientsPreoperativelyCheckRFCCI","meta":{"profile":["https://www.netzwerk-universitaetsmedizin.de/fhir/cpg-on-ebm-on-fhir/StructureDefinition/assessment-action"]},"extension":[{"url":"http://hl7.org/fhir/uv/cpg/StructureDefinition/cpg-knowledgeCapability","valueCode":"computable"},{"url":"http://hl7.org/fhir/uv/cpg/StructureDefinition/cpg-knowledgeRepresentationLevel","valueCode":"structured"}],"url":"https://www.netzwerk-universitaetsmedizin.de/fhir/cpg-on-ebmonfhir/example/ActivityDefinition/RecActionAdultSurgicalPatientsPreoperativelyCheckRFCCI","version":"0.2.0","name":"RecActionAdultSurgicalPatientsPreoperativelyCheckRFCCI","title":"Recommended Action for Population: Adult Surgical Patients Preoperatively, check risk factor Charlson Comorbidity Index","status":"draft","experimental":true,"subjectCodeableConcept":{"coding":[{"system":"http://hl7.org/fhir/fhir-types","code":"Patient"}]},"date":"2024-02","publisher":"DIGIPOD","description":"Recommended Action for Adult Surgical Patients Preoperatively, check risk factor Charlson Comorbidity Index.","kind":"ServiceRequest","code":{"coding":[{"system":"https://www.charite.de/fhir/digipod/CodeSystem/digipod","code":"009","display":"Result of Charlson Comorbidity Index"}]},"timingTiming":{"repeat":{"count":1}}}