{"resourceType":"ActivityDefinition","id":"RecActionAdultSurgicalPatientsNoSpecificBiomarkerWarning","meta":{"profile":["https://www.netzwerk-universitaetsmedizin.de/fhir/cpg-on-ebm-on-fhir/StructureDefinition/recommendation-action"]},"extension":[{"url":"http://hl7.org/fhir/uv/cpg/StructureDefinition/cpg-knowledgeCapability","valueCode":"computable"},{"url":"http://hl7.org/fhir/uv/cpg/StructureDefinition/cpg-knowledgeRepresentationLevel","valueCode":"structured"}],"url":"https://www.netzwerk-universitaetsmedizin.de/fhir/cpg-on-ebmonfhir/example/ActivityDefinition/RecActionAdultSurgicalPatientsNoSpecificBiomarkerWarning","version":"0.2.0","name":"RecActionAdultSurgicalPatientsNoSpecificBiomarkerWarning","title":"Recommended Action for Population: Adult Surgical Patients Pre- or Intraoperatively, do not suggest using any single specific biomarker to identify patients at risk of POD","status":"draft","experimental":true,"subjectCodeableConcept":{"coding":[{"system":"http://hl7.org/fhir/fhir-types","code":"Patient"}]},"date":"2024-04","publisher":"DIGIPOD","description":"Recommended Action for Adult Surgical Patients Pre- or Intraoperatively, do not suggest using any single specific biomarker to identify patients at risk of postoperative delirium (POD) and show recommendation 3.4.","kind":"CommunicationRequest","code":{"text":"We do not suggest using any single specific biomarker to identify patients at risk of POD."}}