{"resourceType":"Citation","id":"Recommendation0.1PreOperativeScreeningOfDelirium","meta":{"profile":["https://www.netzwerk-universitaetsmedizin.de/fhir/cpg-on-ebm-on-fhir/StructureDefinition/recommendation-citation"]},"url":"https://www.netzwerk-universitaetsmedizin.de/fhir/cpg-on-ebmonfhir/example/Citation/Recommendation0.1PreOperativeScreeningOfDelirium","version":"0.2.0","name":"Recommendation0_1PreOperativeScreeningOfDelirium","title":"Recommendation 0.1: Preoperative screening of delirium","status":"draft","date":"2024-04","citedArtifact":{"identifier":[{"value":"37599617-rec0.1"}],"version":{"value":"1.0"},"currentState":[{"coding":[{"system":"http://hl7.org/fhir/cited-artifact-status-type","code":"published-final-form","display":"Published final form"}]}],"title":[{"type":[{"coding":[{"system":"http://hl7.org/fhir/title-type","code":"primary","display":"Primary title"}]}],"language":{"coding":[{"system":"urn:ietf:bcp:47","code":"en"}]},"text":"Recommendation 0.1"}],"part":{"type":{"coding":[{"system":"http://hl7.org/fhir/cited-artifact-part-type","code":"paragraphs","display":"paragraphs"}]},"value":"Delirium should be screened in patients before surgery."},"relatesTo":[{"type":"contained-in","resource":"https://www.netzwerk-universitaetsmedizin.de/fhir/cpg-on-ebmonfhir/example/Citation/ClinicalPracticeGuidelineESAICOnPostOpDeliriumInAdultPatients"}],"classification":[{"type":{"coding":[{"system":"http://hl7.org/fhir/cited-artifact-classification-type","code":"publication-type","display":"Publication Type"}]},"classifier":[{"coding":[{"system":"https://www.netzwerk-universitaetsmedizin.de/fhir/cpg-on-ebm-on-fhir/CodeSystem/ceosys-code-system","code":"guideline-recommendation","display":"Clinical practice guideline recommendation"}]}]}],"contributorship":{"entry":[{"contributor":{"reference":"Practitioner/CesarAldecoa"},"affiliation":[{"display":"Department of Anaesthesia and Postoperative Critical Care, Hospital Universitario Rio Hortega, Valladolid, Spain"}]},{"contributor":{"reference":"Practitioner/GabriellaBettelli"},"affiliation":[{"display":"Department of Biomedical Studies, University of the Republic of San Marino, San Marino"}]},{"contributor":{"reference":"Practitioner/FedericoBilotta"},"affiliation":[{"display":"Department of Anesthesiology, Critical Care and Pain Medicine, 'Sapienza' University of Rome, Rome, Italy"}]},{"contributor":{"reference":"Practitioner/RobertSanders"},"affiliation":[{"display":"Specialty of Anaesthetics & NHMRC Clinical Trials Centre, University of Sydney & Department of Anaesthetics and Institute of Academic Surgery, Royal Prince Alfred Hospital"}]},{"contributor":{"reference":"Practitioner/PaolaAceto"},"affiliation":[{"display":"Dipartimento di Scienze dell'Emergenza, Anestesiologiche e della Rianimazione, Fondazione Policlinico Universitario A. Gemelli IRCCS, Rome, Italy"},{"display":"Dipartimento di Scienze Biotecnologiche di Base, Cliniche Intensivologiche e Perioperatorie, Università Cattolica del Sacro Cuore, Rome, Italy"}]},{"contributor":{"reference":"Practitioner/RiccardoAudisio"},"affiliation":[{"display":"Department of Surgery, Institute of Clinical Sciences, Sahlgrenska University Hospital, Göteborg, Sweden"}]},{"contributor":{"reference":"Practitioner/AntonioCherubini"},"affiliation":[{"display":"Geriatria, Accettazione Geriatrica e Centro di ricerca per l'invecchiamento, IRCCS INRCA, Ancona, Italy"}]},{"contributor":{"reference":"Practitioner/ColmCunningham"},"affiliation":[{"display":"School of Biochemistry and Immunology and Trinity College Institute of Neuroscience, Trinity College, Dublin, Ireland"}]},{"contributor":{"reference":"Practitioner/WojciechDabrowski"},"affiliation":[{"display":"First Department of Anaesthesiology and Intensive Care Medical University of Lublin, Poland"}]},{"contributor":{"reference":"Practitioner/AliForookhi"},"affiliation":[{"display":"Department of Anesthesiology, Critical Care and Pain Medicine, 'Sapienza' University of Rome, Rome, Italy"}]},{"contributor":{"reference":"Practitioner/NicolaGitti"},"affiliation":[{"display":"Department of Medical and Surgical Specialties, Radiological Sciences and Public Health, University of Brescia"}]},{"contributor":{"reference":"Practitioner/KatiImmonen"},"affiliation":[{"display":"Research Unit of Nursing Science and Health Management, University of Oulu, Oulu, Finland"}]},{"contributor":{"reference":"Practitioner/HenrikKehlet"},"affiliation":[{"display":"Section of Surgical Pathophysiology, Copenhagen University Hospital, Rigshospitalet, Copenhagen, Denmark"}]},{"contributor":{"reference":"Practitioner/SusanneKoch"},"affiliation":[{"display":"Department of Anesthesiology and Intensive Care Medicine, Charité-Universitätsmedizin Berlin, Corporate Member of Freie Universität Berlin, and Humboldt Universität zu Berlin, Campus Charité Mitte, and Campus Virchow Klinikum"}]},{"contributor":{"reference":"Practitioner/KatarzynaKotfis"},"affiliation":[{"display":"Department of Anesthesiology, Intensive Therapy and Acute Intoxications, Pomeranian Medical University in Szczecin, Poland"}]},{"contributor":{"reference":"Practitioner/NicolaLatronico"},"affiliation":[{"display":"Department of Medical and Surgical Specialties, Radiological Sciences and Public Health, University of Brescia"},{"display":"Department of Anesthesia, Critical Care and Emergency, Spedali Civili University Hospital, Brescia, Italy"}]},{"contributor":{"reference":"Practitioner/AlasdairMacLullich"},"affiliation":[{"display":"Edinburgh Delirium Research Group, Ageing and Health, Usher Institute, University of Edinburgh, Edinburgh, United Kingdom"}]},{"contributor":{"reference":"Practitioner/LiorMevorach"},"affiliation":[{"display":"Department of Anesthesiology, Critical Care and Pain Medicine, 'Sapienza' University of Rome, Rome, Italy"}]},{"contributor":{"reference":"Practitioner/AnikaMueller"},"affiliation":[{"display":"Department of Anesthesiology and Intensive Care Medicine, Charité-Universitätsmedizin Berlin, Corporate Member of Freie Universität Berlin, and Humboldt Universität zu Berlin, Campus Charité Mitte, and Campus Virchow Klinikum"}]},{"contributor":{"reference":"Practitioner/BrunoNeuner"},"affiliation":[{"display":"Department of Anesthesiology and Intensive Care Medicine, Charité-Universitätsmedizin Berlin, Corporate Member of Freie Universität Berlin, and Humboldt Universität zu Berlin, Campus Charité Mitte, and Campus Virchow Klinikum"}]},{"contributor":{"reference":"Practitioner/SimonePiva"},"affiliation":[{"display":"Department of Medical and Surgical Specialties, Radiological Sciences and Public Health, University of Brescia"},{"display":"Department of Anesthesia, Critical Care and Emergency, Spedali Civili University Hospital, Brescia, Italy"}]},{"contributor":{"reference":"Practitioner/FinnRadtke"},"affiliation":[{"display":"Department of Anaesthesia and Intensive Care, Nykoebing Hospital; University of Southern Denmark, SDU"}]},{"contributor":{"reference":"Practitioner/AnnikaReintamBlaser"},"affiliation":[{"display":"Department of Anaesthesiology and Intensive Care, University of Tartu, Tartu, Estonia"},{"display":"Center for Intensive Care Medicine, Luzerner Kantonsspital, Lucerne, Switzerland"}]},{"contributor":{"reference":"Practitioner/StefaniaRenzi"},"affiliation":[{"display":"Department of Medical and Surgical Specialties, Radiological Sciences and Public Health, University of Brescia"}]},{"contributor":{"reference":"Practitioner/StefanoRomagnoli"},"affiliation":[{"display":"Department of Health Science, Section of Anesthesiology, University of Florence; Department of Anaesthesia and Critical Care, Azienda Ospedaliero-Universitaria Careggi, Florence, Italy"}]},{"contributor":{"reference":"Practitioner/MariaSchubert"},"affiliation":[{"display":"School of Health Sciences, Institute of Nursing, ZHAW Zurich University of Applied Science, Winterthur, Switzerland"}]},{"contributor":{"reference":"Practitioner/ArjenSlooter"},"affiliation":[{"display":"Departments of Psychiatry and Intensive Care Medicine, UMC Utrecht Brain Center, University Medical Center Utrecht, Utrecht University, Utrecht, the Netherlands and Department of Neurology, UZ Brussel and Vrije Universiteit Brussel, Brussels, Belgium"}]},{"contributor":{"reference":"Practitioner/ClaudiaSpies"},"affiliation":[{"display":"Department of Anesthesiology and Intensive Care Medicine, Charité-Universitätsmedizin Berlin, Corporate Member of Freie Universität Berlin, and Humboldt Universität zu Berlin, Campus Charité Mitte, and Campus Virchow Klinikum"}]},{"contributor":{"reference":"Practitioner/ConcezioneTommasino"},"affiliation":[{"display":"Dental Anesthesia and Intensive Care Unit, Polo Universitario Ospedale San Paolo, Department of Biomedical, Surgical and Odontoiatric Sciences, University of Milano, Milano, Italy"}]},{"contributor":{"reference":"Practitioner/LisaVasiljewa"},"affiliation":[{"display":"Department of Anesthesiology and Intensive Care Medicine, Charité-Universitätsmedizin Berlin, Corporate Member of Freie Universität Berlin, and Humboldt Universität zu Berlin, Campus Charité Mitte, and Campus Virchow Klinikum"}]},{"contributor":{"reference":"Practitioner/BjoernWeiss"},"affiliation":[{"display":"Department of Anesthesiology and Intensive Care Medicine, Charité-Universitätsmedizin Berlin, Corporate Member of Freie Universität Berlin, and Humboldt Universität zu Berlin, Campus Charité Mitte, and Campus Virchow Klinikum"}]},{"contributor":{"reference":"Practitioner/FatimaYuerek"},"affiliation":[{"display":"Department of Anesthesiology and Intensive Care Medicine, Charité-Universitätsmedizin Berlin, Corporate Member of Freie Universität Berlin, and Humboldt Universität zu Berlin, Campus Charité Mitte, and Campus Virchow Klinikum"}]}]}}}