{"resourceType":"Citation","id":"Recommendation3.1PrevMeasuresIEffectsOfDrugsOnPODPrevention","meta":{"profile":["https://www.netzwerk-universitaetsmedizin.de/fhir/cpg-on-ebm-on-fhir/StructureDefinition/recommendation-citation"]},"url":"https://www.netzwerk-universitaetsmedizin.de/fhir/cpg-on-ebmonfhir/example/Citation/Recommendation3.1PrevMeasuresIEffectsOfDrugsOnPODPrevention","version":"0.2.0","name":"Recommendation3_1PrevMeasuresIEffectsOfDrugsOnPODPrevention","title":"Recommendation 3.1: Preventive Measures I (Effects of Drugs on POD prevention) - Drugs as prophylactic measure to reduce the incidence of POD","status":"draft","date":"2024-02","citedArtifact":{"identifier":[{"value":"37599617-rec3.1"}],"version":{"value":"1.0"},"currentState":[{"coding":[{"system":"http://hl7.org/fhir/cited-artifact-status-type","code":"published-final-form","display":"Published final form"}]}],"title":[{"type":[{"coding":[{"system":"http://hl7.org/fhir/title-type","code":"primary","display":"Primary title"}]}],"language":{"coding":[{"system":"urn:ietf:bcp:47","code":"en"}]},"text":"Recommendation 3.1"}],"part":{"type":{"coding":[{"system":"http://hl7.org/fhir/cited-artifact-part-type","code":"paragraphs","display":"paragraphs"}]},"value":"In patients undergoing surgery, we do not suggest the use of any drug as a prophylactic measure to reduce the incidence of POD."},"relatesTo":[{"type":"contained-in","resource":"https://www.netzwerk-universitaetsmedizin.de/fhir/cpg-on-ebmonfhir/example/Citation/ClinicalPracticeGuidelineESAICOnPostOpDeliriumInAdultPatients"}],"classification":[{"type":{"coding":[{"system":"http://hl7.org/fhir/cited-artifact-classification-type","code":"publication-type","display":"Publication Type"}]},"classifier":[{"coding":[{"system":"https://www.netzwerk-universitaetsmedizin.de/fhir/cpg-on-ebm-on-fhir/CodeSystem/ceosys-code-system","code":"guideline-recommendation","display":"Clinical practice guideline recommendation"}]}]}],"contributorship":{"entry":[{"contributor":{"reference":"Practitioner/KatarzynaKotfis"},"affiliation":[{"display":"Department of Anesthesiology, Intensive Therapy and Acute Intoxications, Pomeranian Medical University in Szczecin, Poland"}]},{"contributor":{"reference":"Practitioner/AnnikaReintamBlaser"},"affiliation":[{"display":"Department of Anaesthesiology and Intensive Care, University of Tartu, Tartu, Estonia"},{"display":"Center for Intensive Care Medicine, Luzerner Kantonsspital, Lucerne, Switzerland"}]},{"contributor":{"reference":"Practitioner/AntonioCherubini"},"affiliation":[{"display":"Geriatria, Accettazione Geriatrica e Centro di ricerca per l'invecchiamento, IRCCS INRCA, Ancona, Italy"}]},{"contributor":{"reference":"Practitioner/WojciechDabrowski"},"affiliation":[{"display":"First Department of Anaesthesiology and Intensive Care Medical University of Lublin, Poland"}]},{"contributor":{"reference":"Practitioner/NicolaGitti"},"affiliation":[{"display":"Department of Medical and Surgical Specialties, Radiological Sciences and Public Health, University of Brescia"}]},{"contributor":{"reference":"Practitioner/NicolaLatronico"},"affiliation":[{"display":"Department of Medical and Surgical Specialties, Radiological Sciences and Public Health, University of Brescia"},{"display":"Department of Anesthesia, Critical Care and Emergency, Spedali Civili University Hospital, Brescia, Italy"}]},{"contributor":{"reference":"Practitioner/BrunoNeuner"},"affiliation":[{"display":"Department of Anesthesiology and Intensive Care Medicine, Charité-Universitätsmedizin Berlin, Corporate Member of Freie Universität Berlin, and Humboldt Universität zu Berlin, Campus Charité Mitte, and Campus Virchow Klinikum"}]},{"contributor":{"reference":"Practitioner/SimonePiva"},"affiliation":[{"display":"Department of Medical and Surgical Specialties, Radiological Sciences and Public Health, University of Brescia"},{"display":"Department of Anesthesia, Critical Care and Emergency, Spedali Civili University Hospital, Brescia, Italy"}]},{"contributor":{"reference":"Practitioner/StefaniaRenzi"},"affiliation":[{"display":"Department of Medical and Surgical Specialties, Radiological Sciences and Public Health, University of Brescia"}]}]}}}