{"resourceType":"Citation","id":"ClinicalPracticeGuidelineESAICOnPostOpDeliriumInAdultPatients","meta":{"profile":["https://www.netzwerk-universitaetsmedizin.de/fhir/cpg-on-ebm-on-fhir/StructureDefinition/guideline-citation"]},"url":"https://www.netzwerk-universitaetsmedizin.de/fhir/cpg-on-ebmonfhir/example/Citation/ClinicalPracticeGuidelineESAICOnPostOpDeliriumInAdultPatients","name":"ClinicalPracticeGuidelineESAICOnPostoperativeDeliriumInAdultPatients","title":"Update of the European Society of Anaesthesiology and Intensive Care Medicine evidence-based and consensus-based guideline on postoperative delirium in adult patients","status":"active","date":"2023-08-30","citedArtifact":{"identifier":[{"system":"https://pubmed.ncbi.nlm.nih.gov","value":"37599617"}],"version":{"value":"1.0"},"currentState":[{"coding":[{"system":"http://hl7.org/fhir/cited-artifact-status-type","code":"published-final-form","display":"Published final form"}]}],"title":[{"type":[{"coding":[{"system":"http://hl7.org/fhir/title-type","code":"official","display":"Official title"}]}],"text":"Update of the European Society of Anaesthesiology and Intensive Care Medicine evidence-based and consensus-based guideline on postoperative delirium in adult patients"}],"abstract":[{"text":"Postoperative delirium (POD) remains a common, dangerous and resource-consuming adverse event but is often preventable. The whole peri-operative team can play a key role in its management. This update to the 2017 ESAIC Guideline on the prevention of POD is evidence-based and consensus-based and considers the literature between 01 April 2015, and 28 February 2022. The search terms of the broad literature search were identical to those used in the first version of the guideline published in 2017. POD was defined in accordance with the DSM-5 criteria. POD had to be measured with a validated POD screening tool, at least once per day for at least 3 days starting in the recovery room or postanaesthesia care unit on the day of surgery or, at latest, on postoperative day 1. Recent literature confirmed the pathogenic role of surgery-induced inflammation, and this concept reinforces the positive role of multicomponent strategies aimed to reduce the surgical stress response. Although some putative precipitating risk factors are not modifiable (length of surgery, surgical site), others (such as depth of anaesthesia, appropriate analgesia and haemodynamic stability) are under the control of the anaesthesiologists. Multicomponent preoperative, intra-operative and postoperative preventive measures showed potential to reduce the incidence and duration of POD, confirming the pivotal role of a comprehensive and team-based approach to improve patients’ clinical and functional status."}],"webLocation":[{"classifier":[{"coding":[{"system":"http://hl7.org/fhir/artifact-url-classifier","code":"full-text","display":"Full-Text"}]}],"url":"https://www.ncbi.nlm.nih.gov/pmc/articles/PMC10763721/"}],"classification":[{"type":{"coding":[{"system":"http://hl7.org/fhir/cited-artifact-classification-type","code":"publication-type","display":"Publication Type"}]},"classifier":[{"coding":[{"system":"https://www.netzwerk-universitaetsmedizin.de/fhir/cpg-on-ebm-on-fhir/CodeSystem/ceosys-code-system","code":"clinical-practice-guideline","display":"Clinical practice guideline"}]}]}],"contributorship":{"entry":[{"contributor":{"reference":"Practitioner/CesarAldecoa"},"affiliation":[{"display":"Department of Anaesthesia and Postoperative Critical Care, Hospital Universitario Rio Hortega, Valladolid, Spain"}]},{"contributor":{"reference":"Practitioner/GabriellaBettelli"},"affiliation":[{"display":"Department of Biomedical Studies, University of the Republic of San Marino, San Marino"}]},{"contributor":{"reference":"Practitioner/FedericoBilotta"},"affiliation":[{"display":"Department of Anesthesiology, Critical Care and Pain Medicine, 'Sapienza' University of Rome, Rome, Italy"}]},{"contributor":{"reference":"Practitioner/RobertSanders"},"affiliation":[{"display":"Specialty of Anaesthetics & NHMRC Clinical Trials Centre, University of Sydney & Department of Anaesthetics and Institute of Academic Surgery, Royal Prince Alfred Hospital"}]},{"contributor":{"reference":"Practitioner/ClaudiaSpies"},"affiliation":[{"display":"Department of Anesthesiology and Intensive Care Medicine, Charité-Universitätsmedizin Berlin, Corporate Member of Freie Universität Berlin, and Humboldt Universität zu Berlin, Campus Charité Mitte, and Campus Virchow Klinikum"}],"correspondingContact":true},{"contributor":{"reference":"Practitioner/PaolaAceto"},"affiliation":[{"display":"Dipartimento di Scienze dell'Emergenza, Anestesiologiche e della Rianimazione, Fondazione Policlinico Universitario A. Gemelli IRCCS, Rome, Italy"},{"display":"Dipartimento di Scienze Biotecnologiche di Base, Cliniche Intensivologiche e Perioperatorie, Università Cattolica del Sacro Cuore, Rome, Italy"}]},{"contributor":{"reference":"Practitioner/RiccardoAudisio"},"affiliation":[{"display":"Department of Surgery, Institute of Clinical Sciences, Sahlgrenska University Hospital, Göteborg, Sweden"}]},{"contributor":{"reference":"Practitioner/AntonioCherubini"},"affiliation":[{"display":"Geriatria, Accettazione Geriatrica e Centro di ricerca per l'invecchiamento, IRCCS INRCA, Ancona, Italy"}]},{"contributor":{"reference":"Practitioner/ColmCunningham"},"affiliation":[{"display":"School of Biochemistry and Immunology and Trinity College Institute of Neuroscience, Trinity College, Dublin, Ireland"}]},{"contributor":{"reference":"Practitioner/WojciechDabrowski"},"affiliation":[{"display":"First Department of Anaesthesiology and Intensive Care Medical University of Lublin, Poland"}]},{"contributor":{"reference":"Practitioner/AliForookhi"},"affiliation":[{"display":"Department of Anesthesiology, Critical Care and Pain Medicine, 'Sapienza' University of Rome, Rome, Italy"}]},{"contributor":{"reference":"Practitioner/NicolaGitti"},"affiliation":[{"display":"Department of Medical and Surgical Specialties, Radiological Sciences and Public Health, University of Brescia"}]},{"contributor":{"reference":"Practitioner/KatiImmonen"},"affiliation":[{"display":"Research Unit of Nursing Science and Health Management, University of Oulu, Oulu, Finland"}]},{"contributor":{"reference":"Practitioner/HenrikKehlet"},"affiliation":[{"display":"Section of Surgical Pathophysiology, Copenhagen University Hospital, Rigshospitalet, Copenhagen, Denmark"}]},{"contributor":{"reference":"Practitioner/SusanneKoch"},"affiliation":[{"display":"Department of Anesthesiology and Intensive Care Medicine, Charité-Universitätsmedizin Berlin, Corporate Member of Freie Universität Berlin, and Humboldt Universität zu Berlin, Campus Charité Mitte, and Campus Virchow Klinikum"}]},{"contributor":{"reference":"Practitioner/KatarzynaKotfis"},"affiliation":[{"display":"Department of Anesthesiology, Intensive Therapy and Acute Intoxications, Pomeranian Medical University in Szczecin, Poland"}]},{"contributor":{"reference":"Practitioner/NicolaLatronico"},"affiliation":[{"display":"Department of Medical and Surgical Specialties, Radiological Sciences and Public Health, University of Brescia"},{"display":"Department of Anesthesia, Critical Care and Emergency, Spedali Civili University Hospital, Brescia, Italy"}]},{"contributor":{"reference":"Practitioner/AlasdairMacLullich"},"affiliation":[{"display":"Edinburgh Delirium Research Group, Ageing and Health, Usher Institute, University of Edinburgh, Edinburgh, United Kingdom"}]},{"contributor":{"reference":"Practitioner/LiorMevorach"},"affiliation":[{"display":"Department of Anesthesiology, Critical Care and Pain Medicine, 'Sapienza' University of Rome, Rome, Italy"}]},{"contributor":{"reference":"Practitioner/AnikaMueller"},"affiliation":[{"display":"Department of Anesthesiology and Intensive Care Medicine, Charité-Universitätsmedizin Berlin, Corporate Member of Freie Universität Berlin, and Humboldt Universität zu Berlin, Campus Charité Mitte, and Campus Virchow Klinikum"}]},{"contributor":{"reference":"Practitioner/BrunoNeuner"},"affiliation":[{"display":"Department of Anesthesiology and Intensive Care Medicine, Charité-Universitätsmedizin Berlin, Corporate Member of Freie Universität Berlin, and Humboldt Universität zu Berlin, Campus Charité Mitte, and Campus Virchow Klinikum"}]},{"contributor":{"reference":"Practitioner/SimonePiva"},"affiliation":[{"display":"Department of Medical and Surgical Specialties, Radiological Sciences and Public Health, University of Brescia"},{"display":"Department of Anesthesia, Critical Care and Emergency, Spedali Civili University Hospital, Brescia, Italy"}]},{"contributor":{"reference":"Practitioner/FinnRadtke"},"affiliation":[{"display":"Department of Anaesthesia and Intensive Care, Nykoebing Hospital; University of Southern Denmark, SDU"}]},{"contributor":{"reference":"Practitioner/AnnikaReintamBlaser"},"affiliation":[{"display":"Department of Anaesthesiology and Intensive Care, University of Tartu, Tartu, Estonia"},{"display":"Center for Intensive Care Medicine, Luzerner Kantonsspital, Lucerne, Switzerland"}]},{"contributor":{"reference":"Practitioner/StefaniaRenzi"},"affiliation":[{"display":"Department of Medical and Surgical Specialties, Radiological Sciences and Public Health, University of Brescia"}]},{"contributor":{"reference":"Practitioner/StefanoRomagnoli"},"affiliation":[{"display":"Department of Health Science, Section of Anesthesiology, University of Florence; Department of Anaesthesia and Critical Care, Azienda Ospedaliero-Universitaria Careggi, Florence, Italy"}]},{"contributor":{"reference":"Practitioner/MariaSchubert"},"affiliation":[{"display":"School of Health Sciences, Institute of Nursing, ZHAW Zurich University of Applied Science, Winterthur, Switzerland"}]},{"contributor":{"reference":"Practitioner/ArjenSlooter"},"affiliation":[{"display":"Departments of Psychiatry and Intensive Care Medicine, UMC Utrecht Brain Center, University Medical Center Utrecht, Utrecht University, Utrecht, the Netherlands and Department of Neurology, UZ Brussel and Vrije Universiteit Brussel, Brussels, Belgium"}]},{"contributor":{"reference":"Practitioner/ConcezioneTommasino"},"affiliation":[{"display":"Dental Anesthesia and Intensive Care Unit, Polo Universitario Ospedale San Paolo, Department of Biomedical, Surgical and Odontoiatric Sciences, University of Milano, Milano, Italy"}]},{"contributor":{"reference":"Practitioner/LisaVasiljewa"},"affiliation":[{"display":"Department of Anesthesiology and Intensive Care Medicine, Charité-Universitätsmedizin Berlin, Corporate Member of Freie Universität Berlin, and Humboldt Universität zu Berlin, Campus Charité Mitte, and Campus Virchow Klinikum"}]},{"contributor":{"reference":"Practitioner/BjoernWeiss"},"affiliation":[{"display":"Department of Anesthesiology and Intensive Care Medicine, Charité-Universitätsmedizin Berlin, Corporate Member of Freie Universität Berlin, and Humboldt Universität zu Berlin, Campus Charité Mitte, and Campus Virchow Klinikum"}]},{"contributor":{"reference":"Practitioner/FatimaYuerek"},"affiliation":[{"display":"Department of Anesthesiology and Intensive Care Medicine, Charité-Universitätsmedizin Berlin, Corporate Member of Freie Universität Berlin, and Humboldt Universität zu Berlin, Campus Charité Mitte, and Campus Virchow Klinikum"}]}]}}}