{"resourceType":"Citation","id":"Recommendation6.2PharmacologicalTreatmentOfPODAndPODOutcomes","meta":{"profile":["https://www.netzwerk-universitaetsmedizin.de/fhir/cpg-on-ebm-on-fhir/StructureDefinition/recommendation-citation"]},"url":"https://www.netzwerk-universitaetsmedizin.de/fhir/cpg-on-ebmonfhir/example/Citation/Recommendation6.2PharmacologicalTreatmentOfPODAndPODOutcomes","version":"0.2.0","name":"Recommendation6_2PharmacologicalTreatmentOfPODAndPODOutcomes","title":"Recommendation 6.2: Pharmacological Treatment of POD and POD Outcomes - Benzodiazepines as treatment","status":"draft","date":"2024-02","citedArtifact":{"identifier":[{"value":"37599617-rec6.2"}],"version":{"value":"1.0"},"currentState":[{"coding":[{"system":"http://hl7.org/fhir/cited-artifact-status-type","code":"published-final-form","display":"Published final form"}]}],"title":[{"type":[{"coding":[{"system":"http://hl7.org/fhir/title-type","code":"primary","display":"Primary title"}]}],"language":{"coding":[{"code":"en"}]},"text":"Recommendation 6.2"}],"part":{"type":{"coding":[{"system":"http://hl7.org/fhir/cited-artifact-part-type","code":"paragraphs","display":"paragraphs"}]},"value":"The use of benzodiazepines for the treatment of delirium in postoperative patients is not suggested. The evidence for the benefits of benzodiazepine therapy for treating POD symptoms or the underlying causes is very low to non-existent. This recommendation is not to be confused with delirium in the context of alcohol withdrawal, where benzodiazepines are recommended symptom orientated as the first-line medication (in a bolus-titrated dosage, lowest as possible)."},"relatesTo":[{"type":"contained-in","resource":"https://www.netzwerk-universitaetsmedizin.de/fhir/cpg-on-ebmonfhir/example/Citation/ClinicalPracticeGuidelineESAICOnPostOpDeliriumInAdultPatients"}],"classification":[{"type":{"coding":[{"system":"http://hl7.org/fhir/cited-artifact-classification-type","code":"publication-type","display":"Publication Type"}]},"classifier":[{"coding":[{"system":"https://www.netzwerk-universitaetsmedizin.de/fhir/cpg-on-ebm-on-fhir/CodeSystem/ceosys-code-system","code":"guideline-recommendation","display":"Clinical practice guideline recommendation"}]}]}],"contributorship":{"entry":[{"contributor":{"reference":"Practitioner/ClaudiaSpies"},"affiliation":[{"display":"Department of Anesthesiology and Intensive Care Medicine, Charité-Universitätsmedizin Berlin, Corporate Member of Freie Universität Berlin, and Humboldt Universität zu Berlin, Campus Charité Mitte, and Campus Virchow Klinikum"}]},{"contributor":{"reference":"Practitioner/NicolaLatronico"},"affiliation":[{"display":"Department of Medical and Surgical Specialties, Radiological Sciences and Public Health, University of Brescia"},{"display":"Department of Anesthesia, Critical Care and Emergency, Spedali Civili University Hospital, Brescia, Italy"}]},{"contributor":{"reference":"Practitioner/AlasdairMacLullich"},"affiliation":[{"display":"Edinburgh Delirium Research Group, Ageing and Health, Usher Institute, University of Edinburgh, Edinburgh, United Kingdom"}]},{"contributor":{"reference":"Practitioner/AnikaMueller"},"affiliation":[{"display":"Department of Anesthesiology and Intensive Care Medicine, Charité-Universitätsmedizin Berlin, Corporate Member of Freie Universität Berlin, and Humboldt Universität zu Berlin, Campus Charité Mitte, and Campus Virchow Klinikum"}]},{"contributor":{"reference":"Practitioner/FinnRadtke"},"affiliation":[{"display":"Department of Anaesthesia and Intensive Care, Nykoebing Hospital; University of Southern Denmark, SDU"}]},{"contributor":{"reference":"Practitioner/LisaVasiljewa"},"affiliation":[{"display":"Department of Anesthesiology and Intensive Care Medicine, Charité-Universitätsmedizin Berlin, Corporate Member of Freie Universität Berlin, and Humboldt Universität zu Berlin, Campus Charité Mitte, and Campus Virchow Klinikum"}]}]}}}