{"resourceType":"Citation","id":"Recommendation2.1RiskFactors","meta":{"profile":["https://www.netzwerk-universitaetsmedizin.de/fhir/cpg-on-ebm-on-fhir/StructureDefinition/recommendation-citation"]},"url":"https://www.netzwerk-universitaetsmedizin.de/fhir/cpg-on-ebmonfhir/example/Citation/Recommendation2.1RiskFactors","version":"0.2.0","name":"Recommendation2_1RiskFactors","title":"Recommendation 2.1: Preoperative Risk Factors","status":"draft","date":"2024-02","citedArtifact":{"identifier":[{"value":"37599617-rec2.1"}],"version":{"value":"1.0"},"currentState":[{"coding":[{"system":"http://hl7.org/fhir/cited-artifact-status-type","code":"published-final-form","display":"Published final form"}]}],"title":[{"type":[{"coding":[{"system":"http://hl7.org/fhir/title-type","code":"primary","display":"Primary title"}]}],"language":{"coding":[{"system":"urn:ietf:bcp:47","code":"en"}]},"text":"Recommendation 2.1"}],"part":{"type":{"coding":[{"system":"http://hl7.org/fhir/cited-artifact-part-type","code":"paragraphs","display":"paragraphs"}]},"value":"We recommend evaluating the following preoperative risk factors for POD:\n        (1) Older age\n        (2) American Society of Anesthesiology Physical status score > 2\n        (3) Charlson Comorbidity Index ≥ 2\n        (4) Mini Mental State Examination score < 25 points"},"relatesTo":[{"type":"contained-in","resource":"https://www.netzwerk-universitaetsmedizin.de/fhir/cpg-on-ebmonfhir/example/Citation/ClinicalPracticeGuidelineESAICOnPostOpDeliriumInAdultPatients"}],"classification":[{"type":{"coding":[{"system":"http://hl7.org/fhir/cited-artifact-classification-type","code":"publication-type","display":"Publication Type"}]},"classifier":[{"coding":[{"system":"https://www.netzwerk-universitaetsmedizin.de/fhir/cpg-on-ebm-on-fhir/CodeSystem/ceosys-code-system","code":"guideline-recommendation","display":"Clinical practice guideline recommendation"}]}]}],"contributorship":{"entry":[{"contributor":{"reference":"Practitioner/FedericoBilotta"},"affiliation":[{"display":"Department of Anesthesiology, Critical Care and Pain Medicine, 'Sapienza' University of Rome, Rome, Italy"}]},{"contributor":{"reference":"Practitioner/AliForookhi"},"affiliation":[{"display":"Department of Anesthesiology, Critical Care and Pain Medicine, 'Sapienza' University of Rome, Rome, Italy"}]},{"contributor":{"reference":"Practitioner/HenrikKehlet"},"affiliation":[{"display":"Section of Surgical Pathophysiology, Copenhagen University Hospital, Rigshospitalet, Copenhagen, Denmark"}]},{"contributor":{"reference":"Practitioner/LiorMevorach"},"affiliation":[{"display":"Department of Anesthesiology, Critical Care and Pain Medicine, 'Sapienza' University of Rome, Rome, Italy"}]},{"contributor":{"reference":"Practitioner/StefanoRomagnoli"},"affiliation":[{"display":"Department of Health Science, Section of Anesthesiology, University of Florence; Department of Anaesthesia and Critical Care, Azienda Ospedaliero-Universitaria Careggi, Florence, Italy"}]}]}}}