{"resourceType":"Citation","id":"Recommendation5.2Neuromonitoring","meta":{"profile":["https://www.netzwerk-universitaetsmedizin.de/fhir/cpg-on-ebm-on-fhir/StructureDefinition/recommendation-citation"]},"url":"https://www.netzwerk-universitaetsmedizin.de/fhir/cpg-on-ebmonfhir/example/Citation/Recommendation5.2Neuromonitoring","version":"0.2.0","name":"Recommendation5_2Neuromonitoring","title":"Recommendation 5.2: Neuromonitoring - Multi-parameter, intraoperative EEG monitoring during anesthesia","status":"draft","date":"2024-02","citedArtifact":{"identifier":[{"value":"37599617-rec5.2"}],"version":{"value":"1.0"},"currentState":[{"coding":[{"system":"http://hl7.org/fhir/cited-artifact-status-type","code":"published-final-form","display":"Published final form"}]}],"title":[{"type":[{"coding":[{"system":"http://hl7.org/fhir/title-type","code":"primary","display":"Primary title"}]}],"language":{"coding":[{"system":"urn:ietf:bcp:47","code":"en"}]},"text":"Recommendation 5.2"}],"part":{"type":{"coding":[{"system":"http://hl7.org/fhir/cited-artifact-part-type","code":"paragraphs","display":"paragraphs"}]},"value":"We suggest multi-parameter, intraoperative EEG monitoring (Burst suppression, DSA) during anaesthesia to decrease the risk of POD."},"relatesTo":[{"type":"contained-in","resource":"https://www.netzwerk-universitaetsmedizin.de/fhir/cpg-on-ebmonfhir/example/Citation/ClinicalPracticeGuidelineESAICOnPostOpDeliriumInAdultPatients"}],"classification":[{"type":{"coding":[{"system":"http://hl7.org/fhir/cited-artifact-classification-type","code":"publication-type","display":"Publication Type"}]},"classifier":[{"coding":[{"system":"https://www.netzwerk-universitaetsmedizin.de/fhir/cpg-on-ebm-on-fhir/CodeSystem/ceosys-code-system","code":"guideline-recommendation","display":"Clinical practice guideline recommendation"}]}]}],"contributorship":{"entry":[{"contributor":{"reference":"Practitioner/SusanneKoch"},"affiliation":[{"display":"Department of Anesthesiology and Intensive Care Medicine, Charité-Universitätsmedizin Berlin, Corporate Member of Freie Universität Berlin, and Humboldt Universität zu Berlin, Campus Charité Mitte, and Campus Virchow Klinikum"}]},{"contributor":{"reference":"Practitioner/NicolaLatronico"},"affiliation":[{"display":"Department of Medical and Surgical Specialties, Radiological Sciences and Public Health, University of Brescia"},{"display":"Department of Anesthesia, Critical Care and Emergency, Spedali Civili University Hospital, Brescia, Italy"}]},{"contributor":{"reference":"Practitioner/AlasdairMacLullich"},"affiliation":[{"display":"Edinburgh Delirium Research Group, Ageing and Health, Usher Institute, University of Edinburgh, Edinburgh, United Kingdom"}]},{"contributor":{"reference":"Practitioner/SimonePiva"},"affiliation":[{"display":"Department of Medical and Surgical Specialties, Radiological Sciences and Public Health, University of Brescia"},{"display":"Department of Anesthesia, Critical Care and Emergency, Spedali Civili University Hospital, Brescia, Italy"}]},{"contributor":{"reference":"Practitioner/FinnRadtke"},"affiliation":[{"display":"Department of Anaesthesia and Intensive Care, Nykoebing Hospital; University of Southern Denmark, SDU"}]},{"contributor":{"reference":"Practitioner/RobertSanders"},"affiliation":[{"display":"Specialty of Anaesthetics & NHMRC Clinical Trials Centre, University of Sydney & Department of Anaesthetics and Institute of Academic Surgery, Royal Prince Alfred Hospital"}]},{"contributor":{"reference":"Practitioner/ConcezioneTommasino"},"affiliation":[{"display":"Dental Anesthesia and Intensive Care Unit, Polo Universitario Ospedale San Paolo, Department of Biomedical, Surgical and Odontoiatric Sciences, University of Milano, Milano, Italy"}]}]}}}