{"resourceType":"ConceptMap","id":"DIGIPODtoStandardizedVocabularies","text":{"status":"extensions","div":"<div xmlns=\"http://www.w3.org/1999/xhtml\"><p>Mapping from (not specified) to (not specified)</p><p>DRAFT. Published on 2024-05-14 12:39:53+0000 by Charité - Universitätsmedizin Berlin . </p><br/><p><b>Group 1 </b>Mapping from <a href=\"CodeSystem-digipod.html\">DIGIPOD</a> to <code>http://snomed.info/sct/900000000000207008</code></p><table class=\"grid\"><tr><td><b>Source Code</b></td><td><b>Relationship</b></td><td><b>Target Code</b></td></tr><tr><td>001 (N5 elektiv)</td><td><a href=\"http://hl7.org/fhir/R5/codesystem-concept-map-relationship.html#equivalent\" title=\"equivalent\">is equivalent to</a></td><td>103390000 (Elective (qualifier value))</td></tr><tr><td>002 (N4 innerhalb 12-24 h)</td><td><a href=\"http://hl7.org/fhir/R5/codesystem-concept-map-relationship.html#source-is-broader-than-target\" title=\"source-is-broader-than-target\">is broader than</a></td><td>88694003 (Immediate (qualifier value))</td></tr><tr><td>003 (N3 innerhalb 6-12 h)</td><td><a href=\"http://hl7.org/fhir/R5/codesystem-concept-map-relationship.html#source-is-broader-than-target\" title=\"source-is-broader-than-target\">is broader than</a></td><td>394849002 (High priority (qualifier value))</td></tr><tr><td>004 (N2 innerhalb 1-6 h)</td><td><a href=\"http://hl7.org/fhir/R5/codesystem-concept-map-relationship.html#source-is-broader-than-target\" title=\"source-is-broader-than-target\">is broader than</a></td><td>25876001 (Emergency (qualifier value))</td></tr><tr><td>005 (N1 innerhalb 1 h)</td><td><a href=\"http://hl7.org/fhir/R5/codesystem-concept-map-relationship.html#source-is-broader-than-target\" title=\"source-is-broader-than-target\">is broader than</a></td><td>103391001 (Urgency (qualifier value))</td></tr><tr><td>006 (N0 sofort)</td><td><a href=\"http://hl7.org/fhir/R5/codesystem-concept-map-relationship.html#source-is-broader-than-target\" title=\"source-is-broader-than-target\">is broader than</a></td><td>88694003 (Immediate (qualifier value))</td></tr></table><hr/><p><b>Group 2 </b>Mapping from <a href=\"CodeSystem-digipod.html\">DIGIPOD</a> to <code>unspecified code system</code></p><table class=\"grid\"><tr><td colspan=\"2\"><b>Source Concept Details</b></td><td><b>Relationship</b></td><td colspan=\"2\"><b>Target Concept Details</b></td><td colspan=\"2\"><b>Properties</b></td></tr><tr><td colspan=\"2\"><b>Codes</b> from <a href=\"CodeSystem-digipod.html\" title=\"https://www.charite.de/fhir/digipod/CodeSystem/digipod\">DIGIPOD</a></td><td/><td colspan=\"2\"><b>Codes</b> from </td></tr><tr><td style=\"border-right-width: 0px; border-bottom-style: none\">025</td><td style=\"border-left-width: 0px; border-bottom-style: none\">Day shift</td><td><a href=\"http://hl7.org/fhir/R5/codesystem-concept-map-relationship.html#related-to\" title=\"related-to\">is related to</a></td><td style=\"border-right-width: 0px\">LA14948-6</td><td style=\"border-left-width: 0px\">Day shift (approx. 7am- 3pm)</td></tr><tr><td style=\"border-right-width: 0px; border-top-style: none\"/><td style=\"border-top-style: none; border-left-width: 0px\"/><td><a href=\"http://hl7.org/fhir/R5/codesystem-concept-map-relationship.html#related-to\" title=\"related-to\">is related to</a></td><td style=\"border-right-width: 0px\">MORN</td><td style=\"border-left-width: 0px\">Morning</td></tr><tr><td style=\"border-right-width: 0px; border-bottom-style: none\">026</td><td style=\"border-left-width: 0px; border-bottom-style: none\">Evening shift</td><td><a href=\"http://hl7.org/fhir/R5/codesystem-concept-map-relationship.html#related-to\" title=\"related-to\">is related to</a></td><td style=\"border-right-width: 0px\">LA14949-4</td><td style=\"border-left-width: 0px\">Evening shift (approx. 3pm- 11pm)</td></tr><tr><td style=\"border-right-width: 0px; border-top-style: none\"/><td style=\"border-top-style: none; border-left-width: 0px\"/><td><a href=\"http://hl7.org/fhir/R5/codesystem-concept-map-relationship.html#related-to\" title=\"related-to\">is related to</a></td><td style=\"border-right-width: 0px\">AFT</td><td style=\"border-left-width: 0px\">Afternoon</td></tr><tr><td style=\"border-right-width: 0px; border-bottom-style: none\">027</td><td style=\"border-left-width: 0px; border-bottom-style: none\">Night shift</td><td><a href=\"http://hl7.org/fhir/R5/codesystem-concept-map-relationship.html#related-to\" title=\"related-to\">is related to</a></td><td style=\"border-right-width: 0px\">LA14950-2</td><td style=\"border-left-width: 0px\">Night shift (approx. 11pm- 7am)</td></tr><tr><td style=\"border-right-width: 0px; border-top-style: none\"/><td style=\"border-top-style: none; border-left-width: 0px\"/><td><a href=\"http://hl7.org/fhir/R5/codesystem-concept-map-relationship.html#related-to\" title=\"related-to\">is related to</a></td><td style=\"border-right-width: 0px\">NIGHT</td><td style=\"border-left-width: 0px\">Night</td></tr></table></div>"},"url":"https://www.charite.de/fhir/digipod/ConceptMap/DIGIPODtoStandardizedVocabularies","version":"0.0.1","status":"draft","date":"2024-05-14T12:39:53+00:00","publisher":"Charité - Universitätsmedizin Berlin","group":[{"source":"https://www.charite.de/fhir/digipod/CodeSystem/digipod","target":"http://snomed.info/sct/900000000000207008","element":[{"code":"001","display":"N5 elektiv","target":[{"code":"103390000","display":"Elective (qualifier value)","relationship":"equivalent"}]},{"code":"002","display":"N4 innerhalb 12-24 h","target":[{"code":"88694003","display":"Immediate (qualifier value)","relationship":"source-is-broader-than-target"}]},{"code":"003","display":"N3 innerhalb 6-12 h","target":[{"code":"394849002","display":"High priority (qualifier value)","relationship":"source-is-broader-than-target"}]},{"code":"004","display":"N2 innerhalb 1-6 h","target":[{"code":"25876001","display":"Emergency (qualifier value)","relationship":"source-is-broader-than-target"}]},{"code":"005","display":"N1 innerhalb 1 h","target":[{"code":"103391001","display":"Urgency (qualifier value)","relationship":"source-is-broader-than-target"}]},{"code":"006","display":"N0 sofort","target":[{"code":"88694003","display":"Immediate (qualifier value)","relationship":"source-is-broader-than-target"}]}]},{"source":"https://www.charite.de/fhir/digipod/CodeSystem/digipod","element":[{"code":"025","display":"Day shift","target":[{"code":"LA14948-6","display":"Day shift (approx. 7am- 3pm)","relationship":"related-to"},{"code":"MORN","display":"Morning","relationship":"related-to"}]},{"code":"026","display":"Evening shift","target":[{"code":"LA14949-4","display":"Evening shift (approx. 3pm- 11pm)","relationship":"related-to"},{"code":"AFT","display":"Afternoon","relationship":"related-to"}]},{"code":"027","display":"Night shift","target":[{"code":"LA14950-2","display":"Night shift (approx. 11pm- 7am)","relationship":"related-to"},{"code":"NIGHT","display":"Night","relationship":"related-to"}]}]}]}