{"resourceType":"EvidenceVariable","id":"PopAdultSurgicalPatientsPreoperativelyGeneral","meta":{"profile":["https://www.netzwerk-universitaetsmedizin.de/fhir/cpg-on-ebm-on-fhir/StructureDefinition/recommendation-eligibility-criteria"]},"url":"https://www.netzwerk-universitaetsmedizin.de/fhir/cpg-on-ebmonfhir/example/EvidenceVariable/PopAdultSurgicalPatientsPreoperativelyGeneral","version":"0.2.0","name":"PopAdultSurgicalPatientsPreoperativelyGeneral","title":"Population: General Adult Surgical Patients Preoperatively","status":"draft","date":"2024-02","description":"Population for guideline 2.1 from https://pubmed.ncbi.nlm.nih.gov/37599617/: Adult patients, preoperative","characteristic":[{"exclude":false,"definitionByCombination":{"code":"all-of","characteristic":[{"exclude":false,"definitionByTypeAndValue":{"type":{"coding":[{"system":"http://snomed.info/sct","code":"424144002","display":"Current chronological age (observable entity)"}]},"valueRange":{"low":{"value":18,"unit":"years","system":"http://unitsofmeasure.org","code":"a"}}}},{"exclude":false,"definitionByTypeAndValue":{"type":{"coding":[{"system":"http://snomed.info/sct","code":"71388002","display":"Procedure (procedure)"}]},"valueCodeableConcept":{"coding":[{"system":"http://snomed.info/sct","code":"387713003","display":"Surgical procedure (procedure)"}]}}}]},"timeFromEvent":[{"description":"Preoperatively - time period of pre-anesthetic assessment","eventCodeableConcept":{"coding":[{"system":"https://www.charite.de/fhir/digipod/CodeSystem/digipod","code":"007","display":"Date of surgical procedure"}]},"range":{"low":{"value":-1008,"unit":"hour","system":"http://unitsofmeasure.org","code":"h"},"high":{"value":-2,"unit":"hour","system":"http://unitsofmeasure.org","code":"h"}}}]}]}