{"resourceType":"EvidenceVariable","id":"PopAdultPatientsPostoperativelyGeneralOnSurgeryDayICU","meta":{"profile":["https://www.netzwerk-universitaetsmedizin.de/fhir/cpg-on-ebm-on-fhir/StructureDefinition/recommendation-eligibility-criteria"]},"url":"https://www.netzwerk-universitaetsmedizin.de/fhir/cpg-on-ebmonfhir/example/EvidenceVariable/PopAdultPatientsPostoperativelyGeneralOnSurgeryDayICU","version":"0.2.0","name":"PopAdultPatientsPostoperativelyGeneralOnSurgeryDayICU","title":"Population: General Adult Surgical Patients Postoperatively on the Surgery Day on an Intensive Care Unit","status":"draft","date":"2024-04","description":"Population for guideline 0.2 from https://pubmed.ncbi.nlm.nih.gov/37599617/: Adult patients, postoperatively, on the day of the surgical intervention, on an intensive care unit","characteristic":[{"exclude":false,"definitionByCombination":{"code":"all-of","characteristic":[{"exclude":false,"definitionByTypeAndValue":{"type":{"coding":[{"system":"http://snomed.info/sct","code":"424144002","display":"Current chronological age (observable entity)"}]},"valueRange":{"low":{"value":18,"unit":"years","system":"http://unitsofmeasure.org","code":"a"}}}},{"exclude":false,"definitionByTypeAndValue":{"type":{"coding":[{"system":"http://snomed.info/sct","code":"71388002","display":"Procedure (procedure)"}]},"valueCodeableConcept":{"coding":[{"system":"http://snomed.info/sct","code":"387713003","display":"Surgical procedure (procedure)"}]}}},{"exclude":false,"definitionByTypeAndValue":{"type":{"coding":[{"system":"http://loinc.org","code":"78030-4","display":"Episode of care Type"}]},"valueCodeableConcept":{"coding":[{"system":"http://fhir.de/CodeSystem/kontaktart-de","code":"intensivstationaer","display":"Intensivstationär"}]}}}]},"timeFromEvent":[{"description":"Postoperatively on the day of the surgery - from the completion time of the surgery until midnight of the day of surgery","eventCodeableConcept":{"coding":[{"system":"http://snomed.info/sct","code":"442137000","display":"Completion time of procedure (observable entity)"}]},"range":{"high":{"value":1,"unit":"day","system":"http://unitsofmeasure.org","code":"d"}}}]}]}