{"resourceType":"EvidenceVariable","id":"PopAdultPatientsIntraoperativelyGeneral","meta":{"profile":["https://www.netzwerk-universitaetsmedizin.de/fhir/cpg-on-ebm-on-fhir/StructureDefinition/recommendation-eligibility-criteria"]},"url":"https://www.netzwerk-universitaetsmedizin.de/fhir/cpg-on-ebmonfhir/example/EvidenceVariable/PopAdultPatientsIntraoperativelyGeneral","version":"0.2.0","name":"PopAdultPatientsIntraoperativelyGeneral","title":"Population: General Adult Surgical Patients Intraoperatively","status":"draft","date":"2024-02","description":"Population for guideline 5.1 and 5.2 from https://pubmed.ncbi.nlm.nih.gov/37599617/: Adult patients, intraoperative","characteristic":[{"exclude":false,"definitionByCombination":{"code":"all-of","characteristic":[{"exclude":false,"definitionByTypeAndValue":{"type":{"coding":[{"system":"http://snomed.info/sct","code":"424144002","display":"Current chronological age (observable entity)"}]},"valueRange":{"low":{"value":18,"unit":"years","system":"http://unitsofmeasure.org","code":"a"}}}},{"exclude":false,"definitionByTypeAndValue":{"type":{"coding":[{"system":"http://snomed.info/sct","code":"71388002","display":"Procedure (procedure)"}]},"valueCodeableConcept":{"coding":[{"system":"http://snomed.info/sct","code":"387713003","display":"Surgical procedure (procedure)"}]}}}]},"timeFromEvent":[{"description":"During a surgical intervention","eventCodeableConcept":{"coding":[{"system":"http://snomed.info/sct","code":"277671009","display":"Intraoperative (qualifier value)"}]}}]}]}