{"resourceType":"EvidenceVariable","id":"PopAdultPatientsPreoperativelyGeneralOnSurgeryDayAndBefore","meta":{"profile":["https://www.netzwerk-universitaetsmedizin.de/fhir/cpg-on-ebm-on-fhir/StructureDefinition/recommendation-eligibility-criteria"]},"url":"https://www.netzwerk-universitaetsmedizin.de/fhir/cpg-on-ebmonfhir/example/EvidenceVariable/PopAdultPatientsPreoperativelyGeneralOnSurgeryDayAndBefore","version":"0.2.0","name":"PopAdultPatientsPreoperativelyGeneralOnSurgeryDayAndBefore","title":"Population: General Adult Surgical Patients Preoperatively on Surgery Day and Before","status":"draft","date":"2024-04","description":"Population for guideline 0.1 from https://pubmed.ncbi.nlm.nih.gov/37599617/: Adult patients, preoperatively, on the day of the surgical intervention or maximum 42 days before","characteristic":[{"exclude":false,"definitionByCombination":{"code":"all-of","characteristic":[{"exclude":false,"definitionByTypeAndValue":{"type":{"coding":[{"system":"http://snomed.info/sct","code":"424144002","display":"Current chronological age (observable entity)"}]},"valueRange":{"low":{"value":18,"unit":"years","system":"http://unitsofmeasure.org","code":"a"}}}},{"exclude":false,"definitionByTypeAndValue":{"type":{"coding":[{"system":"http://snomed.info/sct","code":"71388002","display":"Procedure (procedure)"}]},"valueCodeableConcept":{"coding":[{"system":"http://snomed.info/sct","code":"387713003","display":"Surgical procedure (procedure)"}]}}},{"exclude":false,"definitionByCombination":{"code":"any-of","characteristic":[{"definitionByTypeAndValue":{"type":{"coding":[{"system":"http://loinc.org","code":"78030-4","display":"Episode of care Type"}]},"valueCodeableConcept":{"coding":[{"system":"http://fhir.de/CodeSystem/kontaktart-de","code":"vorstationaer","display":"Vorstationär"}]}}},{"definitionByTypeAndValue":{"type":{"coding":[{"system":"http://loinc.org","code":"78030-4","display":"Episode of care Type"}]},"valueCodeableConcept":{"coding":[{"system":"http://fhir.de/CodeSystem/kontaktart-de","code":"normalstationaer","display":"Normalstationär"}]}}}]}}]},"timeFromEvent":[{"description":"Preoperatively - Maximum 42 days before the surgery or before the end of the surgery","eventCodeableConcept":{"coding":[{"system":"http://snomed.info/sct","code":"442137000","display":"Completion time of procedure (observable entity)"}]},"range":{"low":{"value":-1032,"unit":"hour","system":"http://unitsofmeasure.org","code":"h"},"high":{"value":0,"unit":"hour","system":"http://unitsofmeasure.org","code":"h"}}}]}]}