{"resourceType":"EvidenceVariable","id":"PopAdultPatientsPreAndIntraoperativelyGeneral","meta":{"profile":["https://www.netzwerk-universitaetsmedizin.de/fhir/cpg-on-ebm-on-fhir/StructureDefinition/recommendation-eligibility-criteria"]},"url":"https://www.netzwerk-universitaetsmedizin.de/fhir/cpg-on-ebmonfhir/example/EvidenceVariable/PopAdultPatientsPreAndIntraoperativelyGeneral","version":"0.2.0","name":"PopAdultPatientsPreAndIntraoperativelyGeneral","title":"Population: General Adult Surgical Patients Pre- and Intraoperatively","status":"draft","date":"2024-04","description":"Population for guidelines 3.3 and 3.4 from https://pubmed.ncbi.nlm.nih.gov/37599617/: Adult patients, pre- and/or intraoperatively","characteristic":[{"exclude":false,"definitionByCombination":{"code":"all-of","characteristic":[{"exclude":false,"definitionByTypeAndValue":{"type":{"coding":[{"system":"http://snomed.info/sct","code":"424144002","display":"Current chronological age (observable entity)"}]},"valueRange":{"low":{"value":18,"unit":"years","system":"http://unitsofmeasure.org","code":"a"}}}},{"exclude":false,"definitionByTypeAndValue":{"type":{"coding":[{"system":"http://snomed.info/sct","code":"71388002","display":"Procedure (procedure)"}]},"valueCodeableConcept":{"coding":[{"system":"http://snomed.info/sct","code":"387713003","display":"Surgical procedure (procedure)"}]}}}]},"timeFromEvent":[{"description":"End time of surgical intervention","eventCodeableConcept":{"coding":[{"system":"http://snomed.info/sct","code":"442137000","display":"Completion time of procedure (observable entity)"}]},"range":{"low":{"value":-1008,"unit":"hour","system":"http://unitsofmeasure.org","code":"h"},"high":{"value":0,"unit":"hour","system":"http://unitsofmeasure.org","code":"h"}}}]}]}