{"resourceType":"EvidenceVariable","id":"PopAdultPatientsPostoperativelyOnNormalWardWithRASSEqualLower-3","meta":{"profile":["https://www.netzwerk-universitaetsmedizin.de/fhir/cpg-on-ebm-on-fhir/StructureDefinition/recommendation-eligibility-criteria"]},"url":"https://www.netzwerk-universitaetsmedizin.de/fhir/cpg-on-ebmonfhir/example/EvidenceVariable/PopAdultPatientsPostoperativelyOnNormalWardWithRASSEqualLower-3","version":"0.2.0","name":"PopAdultPatientsPostoperativelyOnNormalWardWithRASSEqualLower-3","title":"Population: General Adult Surgical Patients Postoperatively On Normal Ward, With a RASS Equal Or Lower Than -3","status":"draft","date":"2024-04","description":"Population for guideline 0.2 from https://pubmed.ncbi.nlm.nih.gov/37599617/: Adult patients, postoperatively, on a normal ward, with a RASS of -3 or less","characteristic":[{"exclude":false,"definitionByCombination":{"code":"all-of","characteristic":[{"exclude":false,"definitionByTypeAndValue":{"type":{"coding":[{"system":"http://snomed.info/sct","code":"424144002","display":"Current chronological age (observable entity)"}]},"valueRange":{"low":{"value":18,"unit":"years","system":"http://unitsofmeasure.org","code":"a"}}}},{"exclude":false,"definitionByTypeAndValue":{"type":{"coding":[{"system":"http://snomed.info/sct","code":"71388002","display":"Procedure (procedure)"}]},"valueCodeableConcept":{"coding":[{"system":"http://snomed.info/sct","code":"387713003","display":"Surgical procedure (procedure)"}]}}},{"exclude":false,"definitionByTypeAndValue":{"type":{"coding":[{"system":"http://loinc.org","code":"78030-4","display":"Episode of care Type"}]},"valueCodeableConcept":{"coding":[{"system":"http://fhir.de/CodeSystem/kontaktart-de","code":"normalstationaer","display":"Normalstationär"}]}}},{"definitionByTypeAndValue":{"type":{"coding":[{"system":"http://snomed.info/sct","version":"http://snomed.info/sct/731000124108/version/20230901","code":"457441000124102","display":"Richmond Agitation-Sedation Scale (assessment scale)"}]},"valueQuantity":{"value":3,"comparator":"<="}}}]},"timeFromEvent":[{"description":"Postoperatively, maximum five complete days after the surgical procedure","eventCodeableConcept":{"coding":[{"system":"https://www.charite.de/fhir/digipod/CodeSystem/digipod","code":"007","display":"Date of surgical procedure"}]},"range":{"low":{"value":0,"unit":"day","system":"http://unitsofmeasure.org","code":"d"},"high":{"value":6,"unit":"day","system":"http://unitsofmeasure.org","code":"d"}}}]}]}