{"resourceType":"PlanDefinition","id":"RecPlanShowRecommendationNoSpecificBiomarker","meta":{"profile":["https://www.netzwerk-universitaetsmedizin.de/fhir/cpg-on-ebm-on-fhir/StructureDefinition/recommendation-plan"]},"extension":[{"url":"http://hl7.org/fhir/uv/cpg/StructureDefinition/cpg-knowledgeCapability","valueCode":"computable"},{"url":"http://hl7.org/fhir/uv/cpg/StructureDefinition/cpg-knowledgeRepresentationLevel","valueCode":"structured"},{"url":"http://hl7.org/fhir/uv/cpg/StructureDefinition/cpg-partOf","valueCanonical":"https://www.netzwerk-universitaetsmedizin.de/fhir/cpg-on-ebmonfhir/example/PlanDefinition/RecCollAdultSurgicalPatPreOrIntraOPNoSpecificBiomarker"},{"extension":[{"url":"method","valueCodeableConcept":{"coding":[{"system":"https://www.netzwerk-universitaetsmedizin.de/fhir/cpg-on-ebm-on-fhir/CodeSystem/cs-action-combination-method","code":"all"}]}}],"url":"https://www.netzwerk-universitaetsmedizin.de/fhir/cpg-on-ebm-on-fhir/StructureDefinition/ext-action-combination-method"}],"url":"https://www.netzwerk-universitaetsmedizin.de/fhir/cpg-on-ebmonfhir/example/PlanDefinition/RecPlanShowRecommendationNoSpecificBiomarker","version":"0.2.0","name":"RecPlanShowRecommendationNoSpecificBiomarker","title":"Recommended Plan for Population: Adult Surgical Patients Pre- or Intraoperatively, do not suggest using any single specific biomarker to identify patients at risk of POD","type":{"coding":[{"system":"http://terminology.hl7.org/CodeSystem/plan-definition-type","code":"eca-rule"}]},"status":"draft","experimental":true,"subjectCanonical":"https://www.netzwerk-universitaetsmedizin.de/fhir/cpg-on-ebmonfhir/example/EvidenceVariable/PopAdultPatientsPreAndIntraoperativelyGeneral","date":"2024-04","publisher":"DIGIPOD","description":"Recommended Plan for Adult Surgical Patients Pre- or Intraoperatively, do not suggest using any single specific biomarker to identify patients at risk of postoperative delirium (POD) and show recommendation 3.4.","action":[{"code":{"coding":[{"system":"http://snomed.info/sct","code":"74964007","display":"Other (qualifier value)"}],"text":"We do not suggest using any single specific biomarker to identify patients at risk of POD."},"requiredBehavior":"could","definitionCanonical":"https://www.netzwerk-universitaetsmedizin.de/fhir/cpg-on-ebmonfhir/example/ActivityDefinition/RecActionAdultSurgicalPatientsNoSpecificBiomarkerWarning"}]}