{"resourceType":"PlanDefinition","id":"RecCollIntraoperativeMultiparameterEEG","meta":{"profile":["https://www.netzwerk-universitaetsmedizin.de/fhir/cpg-on-ebm-on-fhir/StructureDefinition/recommendation"]},"extension":[{"url":"http://hl7.org/fhir/uv/cpg/StructureDefinition/cpg-knowledgeCapability","valueCode":"computable"},{"url":"http://hl7.org/fhir/uv/cpg/StructureDefinition/cpg-knowledgeRepresentationLevel","valueCode":"structured"},{"extension":[{"url":"method","valueCodeableConcept":{"coding":[{"system":"https://www.netzwerk-universitaetsmedizin.de/fhir/cpg-on-ebm-on-fhir/CodeSystem/cs-action-combination-method","code":"all"}]}}],"url":"https://www.netzwerk-universitaetsmedizin.de/fhir/cpg-on-ebm-on-fhir/StructureDefinition/ext-action-combination-method"}],"url":"https://www.netzwerk-universitaetsmedizin.de/fhir/cpg-on-ebmonfhir/example/PlanDefinition/RecCollIntraoperativeMultiparameterEEG","version":"0.2.0","name":"RecCollIntraoperativeMultiparameterEEG","title":"Recommendation Collection: Use multiparameter EEG monitoring in Adult Surgical Patients Intraoperatively","type":{"coding":[{"system":"http://terminology.hl7.org/CodeSystem/plan-definition-type","code":"workflow-definition"}]},"status":"draft","date":"2024-02","publisher":"European Society of Anaesthesiology and Intensive Care Medicine (ESAIC)","description":"Recommendation collection for adult patients during a surgical intervention: Use multiparameter electroencephalographic (EEG) monitoring focusing on burst suppression activity and including the density spectral array (DSA).","action":[{"title":"RecPlanIntraoperativeMultiparameterEEG","description":"Use multiparameter electroencephalographic monitoring during surgical procedure in Adult Surgical Patients","code":{"coding":[{"system":"http://hl7.org/fhir/uv/cpg/CodeSystem/cpg-common-process","code":"guideline-based-care"}]},"selectionBehavior":"one-or-more","definitionCanonical":"https://www.netzwerk-universitaetsmedizin.de/fhir/cpg-on-ebmonfhir/example/PlanDefinition/RecPlanIntraoperativeMultiparameterEEG"}]}