{"resourceType":"PlanDefinition","id":"RecPlanIntraoperativeMultiparameterEEG","meta":{"profile":["https://www.netzwerk-universitaetsmedizin.de/fhir/cpg-on-ebm-on-fhir/StructureDefinition/recommendation-plan"]},"extension":[{"url":"http://hl7.org/fhir/uv/cpg/StructureDefinition/cpg-knowledgeCapability","valueCode":"computable"},{"url":"http://hl7.org/fhir/uv/cpg/StructureDefinition/cpg-knowledgeRepresentationLevel","valueCode":"structured"},{"url":"http://hl7.org/fhir/uv/cpg/StructureDefinition/cpg-partOf","valueCanonical":"https://www.netzwerk-universitaetsmedizin.de/fhir/cpg-on-ebmonfhir/example/PlanDefinition/RecCollIntraoperativeMultiparameterEEG"},{"extension":[{"url":"method","valueCodeableConcept":{"coding":[{"system":"https://www.netzwerk-universitaetsmedizin.de/fhir/cpg-on-ebm-on-fhir/CodeSystem/cs-action-combination-method","code":"all"}]}}],"url":"https://www.netzwerk-universitaetsmedizin.de/fhir/cpg-on-ebm-on-fhir/StructureDefinition/ext-action-combination-method"}],"url":"https://www.netzwerk-universitaetsmedizin.de/fhir/cpg-on-ebmonfhir/example/PlanDefinition/RecPlanIntraoperativeMultiparameterEEG","version":"0.2.0","name":"RecPlanIntraoperativeMultiparameterEEG","title":"Recommended Plan for Population: Adult Surgical Patients Intraoperatively, use multiparameter EEG monitoring","type":{"coding":[{"system":"http://terminology.hl7.org/CodeSystem/plan-definition-type","code":"eca-rule"}]},"status":"draft","experimental":true,"subjectCanonical":"https://www.netzwerk-universitaetsmedizin.de/fhir/cpg-on-ebmonfhir/example/EvidenceVariable/PopAdultPatientsIntraoperativelyGeneral","date":"2024-02","publisher":"DIGIPOD","description":"Recommended Plan for Adult Surgical Patients, Intraoperatively, use multiparameter electroencephalography (EEG) focusing on burst suppression activity and including the density spectral array (DSA).","action":[{"code":{"coding":[{"system":"http://snomed.info/sct","code":"386053000","display":"Evaluation procedure (procedure)"}]},"reason":[{"coding":[{"system":"http://hl7.org/fhir/action-reason-code","code":"quality-measure","display":"Quality measure"}]}],"requiredBehavior":"must","definitionCanonical":"https://www.netzwerk-universitaetsmedizin.de/fhir/cpg-on-ebmonfhir/example/ActivityDefinition/RecActionIntraoperativeEEGMonitoringBurstSuppression"},{"code":{"coding":[{"system":"http://snomed.info/sct","code":"386053000","display":"Evaluation procedure (procedure)"}]},"reason":[{"coding":[{"system":"http://hl7.org/fhir/action-reason-code","code":"quality-measure","display":"Quality measure"}]}],"requiredBehavior":"must","definitionCanonical":"https://www.netzwerk-universitaetsmedizin.de/fhir/cpg-on-ebmonfhir/example/ActivityDefinition/RecActionIntraoperativeEEGDensitySpectralArray"}]}