{"resourceType":"PlanDefinition","id":"RecCollAdultSurgicalPatPreOrIntraOPNoSpecSurgeryOrAnesthesiaType","meta":{"profile":["https://www.netzwerk-universitaetsmedizin.de/fhir/cpg-on-ebm-on-fhir/StructureDefinition/recommendation"]},"extension":[{"url":"http://hl7.org/fhir/uv/cpg/StructureDefinition/cpg-knowledgeCapability","valueCode":"computable"},{"url":"http://hl7.org/fhir/uv/cpg/StructureDefinition/cpg-knowledgeRepresentationLevel","valueCode":"structured"},{"extension":[{"url":"method","valueCodeableConcept":{"coding":[{"system":"https://www.netzwerk-universitaetsmedizin.de/fhir/cpg-on-ebm-on-fhir/CodeSystem/cs-action-combination-method","code":"all"}]}}],"url":"https://www.netzwerk-universitaetsmedizin.de/fhir/cpg-on-ebm-on-fhir/StructureDefinition/ext-action-combination-method"}],"url":"https://www.netzwerk-universitaetsmedizin.de/fhir/cpg-on-ebmonfhir/example/PlanDefinition/RecCollAdultSurgicalPatPreOrIntraOPNoSpecSurgeryOrAnesthesiaType","version":"0.2.0","name":"RecCollAdultSurgicalPatientsPreOrIntraoperativelyNoParticularSurgeryOrAnesthesiaType","title":"Recommendation Collection: Do no suggest any specific type of surgery and type of anaesthesia to reduce the incidence of POD in Adult Surgical Patients Pre- or Intraoperatively","type":{"coding":[{"system":"http://terminology.hl7.org/CodeSystem/plan-definition-type","code":"workflow-definition"}]},"status":"draft","date":"2024-04","publisher":"European Society of Anaesthesiology and Intensive Care Medicine (ESAIC)","description":"Recommendation collection for adult patients before or during a surgical intervention: Do no suggest any specific type of surgery and type of anaesthesia to reduce the incidence of postoperative delirium (POD).","action":[{"title":"RecPlanShowRecommendationNoSpecificSurgeryOrAnesthesiaType","description":"In patients undergoing surgery, we do not suggest any specific type of surgery and type of anaesthesia to reduce the incidence of POD.","code":{"coding":[{"system":"http://hl7.org/fhir/uv/cpg/CodeSystem/cpg-common-process","code":"guideline-based-care"}]},"selectionBehavior":"one-or-more","definitionCanonical":"https://www.netzwerk-universitaetsmedizin.de/fhir/cpg-on-ebmonfhir/example/PlanDefinition/RecPlanShowRecommendationNoSpecificSurgeryOrAnesthesiaType"}]}