{"resourceType":"PlanDefinition","id":"RecPlanPostoperativeDeliriumScreeningOnSurgeryDayNWNightShift","meta":{"profile":["https://www.netzwerk-universitaetsmedizin.de/fhir/cpg-on-ebm-on-fhir/StructureDefinition/recommendation-plan"]},"extension":[{"url":"http://hl7.org/fhir/uv/cpg/StructureDefinition/cpg-knowledgeCapability","valueCode":"computable"},{"url":"http://hl7.org/fhir/uv/cpg/StructureDefinition/cpg-knowledgeRepresentationLevel","valueCode":"structured"},{"url":"http://hl7.org/fhir/uv/cpg/StructureDefinition/cpg-partOf","valueCanonical":"https://www.netzwerk-universitaetsmedizin.de/fhir/cpg-on-ebmonfhir/example/PlanDefinition/RecCollDeliriumScreeningOnSurgeryDayNightShift"},{"extension":[{"url":"method","valueCodeableConcept":{"coding":[{"system":"https://www.netzwerk-universitaetsmedizin.de/fhir/cpg-on-ebm-on-fhir/CodeSystem/cs-action-combination-method","code":"at-least"}]}},{"url":"threshold","valuePositiveInt":1}],"url":"https://www.netzwerk-universitaetsmedizin.de/fhir/cpg-on-ebm-on-fhir/StructureDefinition/ext-action-combination-method"}],"url":"https://www.netzwerk-universitaetsmedizin.de/fhir/cpg-on-ebmonfhir/example/PlanDefinition/RecPlanPostoperativeDeliriumScreeningOnSurgeryDayNWNightShift","version":"0.2.0","name":"RecPlanPostoperativeDeliriumScreeningOnSurgeryDayNWNightShift","title":"Recommended Plan for Population: Adult Surgical Patients Postoperatively on a Normal Ward, Perform Delirium Screening during the night shift","type":{"coding":[{"system":"http://terminology.hl7.org/CodeSystem/plan-definition-type","code":"eca-rule"}]},"status":"draft","experimental":true,"subjectCanonical":"https://www.netzwerk-universitaetsmedizin.de/fhir/cpg-on-ebmonfhir/example/EvidenceVariable/PopAdultPatientsPostoperativelyGeneralOnSurgeryDayNormalWard","date":"2024-04","publisher":"DIGIPOD","description":"Recommended Plan for Adult Surgical Patients Postoperatively on a Normal Ward, Perform Delirium Screening during the night shift.","action":[{"code":{"coding":[{"system":"http://snomed.info/sct","code":"386053000","display":"Evaluation procedure (procedure)"}]},"reason":[{"coding":[{"system":"http://hl7.org/fhir/action-reason-code","code":"quality-measure","display":"Quality measure"}]}],"requiredBehavior":"could","definitionCanonical":"https://www.netzwerk-universitaetsmedizin.de/fhir/cpg-on-ebmonfhir/example/ActivityDefinition/RecActionAdultPatientsPostoperativelyCheck3DCAMNightShift"},{"code":{"coding":[{"system":"http://snomed.info/sct","code":"386053000","display":"Evaluation procedure (procedure)"}]},"reason":[{"coding":[{"system":"http://hl7.org/fhir/action-reason-code","code":"quality-measure","display":"Quality measure"}]}],"requiredBehavior":"could","definitionCanonical":"https://www.netzwerk-universitaetsmedizin.de/fhir/cpg-on-ebmonfhir/example/ActivityDefinition/RecActionAdultPatientsPostoperativelyCheckAT4NightShift"},{"code":{"coding":[{"system":"http://snomed.info/sct","code":"386053000","display":"Evaluation procedure (procedure)"}]},"reason":[{"coding":[{"system":"http://hl7.org/fhir/action-reason-code","code":"quality-measure","display":"Quality measure"}]}],"requiredBehavior":"could","definitionCanonical":"https://www.netzwerk-universitaetsmedizin.de/fhir/cpg-on-ebmonfhir/example/ActivityDefinition/RecActionAdultPatientsPostoperativelyCheckCAMNightShift"},{"code":{"coding":[{"system":"http://snomed.info/sct","code":"386053000","display":"Evaluation procedure (procedure)"}]},"reason":[{"coding":[{"system":"http://hl7.org/fhir/action-reason-code","code":"quality-measure","display":"Quality measure"}]}],"requiredBehavior":"could","definitionCanonical":"https://www.netzwerk-universitaetsmedizin.de/fhir/cpg-on-ebmonfhir/example/ActivityDefinition/RecActionAdultPatientsPostoperativelyCheckDOSNightShift"},{"code":{"coding":[{"system":"http://snomed.info/sct","code":"386053000","display":"Evaluation procedure (procedure)"}]},"reason":[{"coding":[{"system":"http://hl7.org/fhir/action-reason-code","code":"quality-measure","display":"Quality measure"}]}],"requiredBehavior":"could","definitionCanonical":"https://www.netzwerk-universitaetsmedizin.de/fhir/cpg-on-ebmonfhir/example/ActivityDefinition/RecActionAdultPatientsPostoperativelyCheckDRSNightShift"},{"code":{"coding":[{"system":"http://snomed.info/sct","code":"386053000","display":"Evaluation procedure (procedure)"}]},"reason":[{"coding":[{"system":"http://hl7.org/fhir/action-reason-code","code":"quality-measure","display":"Quality measure"}]}],"requiredBehavior":"could","definitionCanonical":"https://www.netzwerk-universitaetsmedizin.de/fhir/cpg-on-ebmonfhir/example/ActivityDefinition/RecActionAdultPatientsPostperativelyCheckNUDESCNightShift"}]}