{"resourceType":"PlanDefinition","id":"RecPlanShowRecommendationNoSpecificSurgeryOrAnesthesiaType","meta":{"profile":["https://www.netzwerk-universitaetsmedizin.de/fhir/cpg-on-ebm-on-fhir/StructureDefinition/recommendation-plan"]},"extension":[{"url":"http://hl7.org/fhir/uv/cpg/StructureDefinition/cpg-knowledgeCapability","valueCode":"computable"},{"url":"http://hl7.org/fhir/uv/cpg/StructureDefinition/cpg-knowledgeRepresentationLevel","valueCode":"structured"},{"url":"http://hl7.org/fhir/uv/cpg/StructureDefinition/cpg-partOf","valueCanonical":"https://www.netzwerk-universitaetsmedizin.de/fhir/cpg-on-ebmonfhir/example/PlanDefinition/RecCollAdultSurgicalPatPreOrIntraOPNoSpecSurgeryOrAnesthesiaType"},{"extension":[{"url":"method","valueCodeableConcept":{"coding":[{"system":"https://www.netzwerk-universitaetsmedizin.de/fhir/cpg-on-ebm-on-fhir/CodeSystem/cs-action-combination-method","code":"all"}]}}],"url":"https://www.netzwerk-universitaetsmedizin.de/fhir/cpg-on-ebm-on-fhir/StructureDefinition/ext-action-combination-method"}],"url":"https://www.netzwerk-universitaetsmedizin.de/fhir/cpg-on-ebmonfhir/example/PlanDefinition/RecPlanShowRecommendationNoSpecificSurgeryOrAnesthesiaType","version":"0.2.0","name":"RecPlanShowRecommendationNoSpecificSurgeryOrAnesthesiaType","title":"Recommended Plan for Population: Adult Surgical Patients Pre- or Intraoperatively, do not suggest any specific type of surgery and type of anaesthesia to reduce the incidence of POD","type":{"coding":[{"system":"http://terminology.hl7.org/CodeSystem/plan-definition-type","code":"eca-rule"}]},"status":"draft","experimental":true,"subjectCanonical":"https://www.netzwerk-universitaetsmedizin.de/fhir/cpg-on-ebmonfhir/example/EvidenceVariable/PopAdultPatientsPreAndIntraoperativelyGeneral","date":"2024-04","publisher":"DIGIPOD","description":"Recommended Plan for Adult Surgical Patients Pre- or Intraoperatively, do not suggest any specific type of surgery and type of anaesthesia to reduce the incidence of postoperative delirium (POD) and show recommendation 3.3.","action":[{"code":{"coding":[{"system":"http://snomed.info/sct","code":"74964007","display":"Other (qualifier value)"}],"text":"In patients undergoing surgery, we do not suggest any specific type of surgery and type of anaesthesia to reduce the incidence of POD."},"requiredBehavior":"could","definitionCanonical":"https://www.netzwerk-universitaetsmedizin.de/fhir/cpg-on-ebmonfhir/example/ActivityDefinition/RecActionAdultSurgicalPatNoSpecSurgeryOrAnesthesiaTypeWarning"}]}