{"resourceType":"PlanDefinition","id":"RecPlanCheckRiskFactorsAgeASACCIMiniCog","meta":{"profile":["https://www.netzwerk-universitaetsmedizin.de/fhir/cpg-on-ebm-on-fhir/StructureDefinition/recommendation-plan"]},"extension":[{"url":"http://hl7.org/fhir/uv/cpg/StructureDefinition/cpg-knowledgeCapability","valueCode":"computable"},{"url":"http://hl7.org/fhir/uv/cpg/StructureDefinition/cpg-knowledgeRepresentationLevel","valueCode":"structured"},{"url":"http://hl7.org/fhir/uv/cpg/StructureDefinition/cpg-partOf","valueCanonical":"https://www.netzwerk-universitaetsmedizin.de/fhir/cpg-on-ebmonfhir/example/PlanDefinition/RecCollCheckRFAdultSurgicalPatientsPreoperatively"},{"extension":[{"url":"method","valueCodeableConcept":{"coding":[{"system":"https://www.netzwerk-universitaetsmedizin.de/fhir/cpg-on-ebm-on-fhir/CodeSystem/cs-action-combination-method","code":"all"}]}}],"url":"https://www.netzwerk-universitaetsmedizin.de/fhir/cpg-on-ebm-on-fhir/StructureDefinition/ext-action-combination-method"}],"url":"https://www.netzwerk-universitaetsmedizin.de/fhir/cpg-on-ebmonfhir/example/PlanDefinition/RecPlanCheckRiskFactorsAgeASACCIMiniCog","version":"0.2.0","name":"RecPlanCheckRiskFactorsAgeASACCIMiniCog","title":"Recommended Plan for Population: Adult Surgical Patients Preoperatively, check risk factors age, ASA, CCI and Mini-cog","type":{"coding":[{"system":"http://terminology.hl7.org/CodeSystem/plan-definition-type","code":"eca-rule"}]},"status":"draft","experimental":true,"subjectCanonical":"https://www.netzwerk-universitaetsmedizin.de/fhir/cpg-on-ebmonfhir/example/EvidenceVariable/PopAdultSurgicalPatientsPreoperativelyGeneral","date":"2024-02","publisher":"DIGIPOD","description":"Recommended Plan for Adult Surgical Patients Preoperatively, check risk factors age, American Society of Anesthesiology Physical status score (ASA), Charlson Comorbidity Index (CCI) and Mini-cog test score (Mini-cog).","action":[{"code":{"coding":[{"system":"http://snomed.info/sct","code":"386053000","display":"Evaluation procedure (procedure)"}]},"reason":[{"coding":[{"system":"http://hl7.org/fhir/action-reason-code","code":"quality-measure","display":"Quality measure"}]}],"requiredBehavior":"must","definitionCanonical":"https://www.netzwerk-universitaetsmedizin.de/fhir/cpg-on-ebmonfhir/example/ActivityDefinition/RecActionAdultSurgicalPatientsPreoperativelyCheckRFAge"},{"code":{"coding":[{"system":"http://snomed.info/sct","code":"386053000","display":"Evaluation procedure (procedure)"}]},"reason":[{"coding":[{"system":"http://hl7.org/fhir/action-reason-code","code":"quality-measure","display":"Quality measure"}]}],"requiredBehavior":"must","definitionCanonical":"https://www.netzwerk-universitaetsmedizin.de/fhir/cpg-on-ebmonfhir/example/ActivityDefinition/RecActionAdultSurgicalPatientsPreoperativelyCheckRFASA"},{"code":{"coding":[{"system":"http://snomed.info/sct","code":"386053000","display":"Evaluation procedure (procedure)"}]},"reason":[{"coding":[{"system":"http://hl7.org/fhir/action-reason-code","code":"quality-measure","display":"Quality measure"}]}],"requiredBehavior":"must","definitionCanonical":"https://www.netzwerk-universitaetsmedizin.de/fhir/cpg-on-ebmonfhir/example/ActivityDefinition/RecActionAdultSurgicalPatientsPreoperativelyCheckRFCCI"},{"code":{"coding":[{"system":"http://snomed.info/sct","code":"386053000","display":"Evaluation procedure (procedure)"}]},"reason":[{"coding":[{"system":"http://hl7.org/fhir/action-reason-code","code":"quality-measure","display":"Quality measure"}]}],"requiredBehavior":"must","definitionCanonical":"https://www.netzwerk-universitaetsmedizin.de/fhir/cpg-on-ebmonfhir/example/ActivityDefinition/RecActionAdultSurgicalPatientsPreoperativelyCheckRFMiniCog"}]}