{"resourceType":"PlanDefinition","id":"RecCollIntraoperativeEEGMonitoringDepth","meta":{"profile":["https://www.netzwerk-universitaetsmedizin.de/fhir/cpg-on-ebm-on-fhir/StructureDefinition/recommendation"]},"extension":[{"url":"http://hl7.org/fhir/uv/cpg/StructureDefinition/cpg-knowledgeCapability","valueCode":"computable"},{"url":"http://hl7.org/fhir/uv/cpg/StructureDefinition/cpg-knowledgeRepresentationLevel","valueCode":"structured"},{"extension":[{"url":"method","valueCodeableConcept":{"coding":[{"system":"https://www.netzwerk-universitaetsmedizin.de/fhir/cpg-on-ebm-on-fhir/CodeSystem/cs-action-combination-method","code":"all"}]}}],"url":"https://www.netzwerk-universitaetsmedizin.de/fhir/cpg-on-ebm-on-fhir/StructureDefinition/ext-action-combination-method"}],"url":"https://www.netzwerk-universitaetsmedizin.de/fhir/cpg-on-ebmonfhir/example/PlanDefinition/RecCollIntraoperativeEEGMonitoringDepth","version":"0.2.0","name":"RecCollIntraoperativeEEGMonitoringDepth","title":"Recommendation Collection: Use Index-based EEG monitoring depth of anaesthesia guidance in Adult Surgical Patients Intraoperatively","type":{"coding":[{"system":"http://terminology.hl7.org/CodeSystem/plan-definition-type","code":"workflow-definition"}]},"status":"draft","date":"2024-02","publisher":"European Society of Anaesthesiology and Intensive Care Medicine (ESAIC)","description":"Recommendation collection for adult patients during a surgical intervention: Use Index-based EEG monitoring depth of anaesthesia guidance","action":[{"title":"RecPlanIntraoperativeEEGMonitoringDepth","description":"Use Index-based EEG monitoring depth of anaesthesia guidance during surgical procedure in Adult Surgical Patients","code":{"coding":[{"system":"http://hl7.org/fhir/uv/cpg/CodeSystem/cpg-common-process","code":"guideline-based-care"}]},"selectionBehavior":"one-or-more","definitionCanonical":"https://www.netzwerk-universitaetsmedizin.de/fhir/cpg-on-ebmonfhir/example/PlanDefinition/RecPlanIntraoperativeEEGMonitoringDepth"}]}