{"resourceType":"PlanDefinition","id":"RecCollDeliriumScreeningPostoperativelyOnSurgeryDay","meta":{"profile":["https://www.netzwerk-universitaetsmedizin.de/fhir/cpg-on-ebm-on-fhir/StructureDefinition/recommendation"]},"extension":[{"url":"http://hl7.org/fhir/uv/cpg/StructureDefinition/cpg-knowledgeCapability","valueCode":"computable"},{"url":"http://hl7.org/fhir/uv/cpg/StructureDefinition/cpg-knowledgeRepresentationLevel","valueCode":"structured"},{"extension":[{"url":"method","valueCodeableConcept":{"coding":[{"system":"https://www.netzwerk-universitaetsmedizin.de/fhir/cpg-on-ebm-on-fhir/CodeSystem/cs-action-combination-method","code":"at-least"}]}},{"url":"threshold","valuePositiveInt":2}],"url":"https://www.netzwerk-universitaetsmedizin.de/fhir/cpg-on-ebm-on-fhir/StructureDefinition/ext-action-combination-method"}],"url":"https://www.netzwerk-universitaetsmedizin.de/fhir/cpg-on-ebmonfhir/example/PlanDefinition/RecCollDeliriumScreeningPostoperativelyOnSurgeryDay","version":"0.2.0","name":"RecCollDeliriumScreeningPostoperativelyOnSurgeryDay","title":"Recommendation Collection: Perform Delirium Screening in Adult Surgical Patients Postoperatively on surgery day, ideally once a shift and at least twice a day","type":{"coding":[{"system":"http://terminology.hl7.org/CodeSystem/plan-definition-type","code":"workflow-definition"}]},"status":"draft","date":"2024-02","publisher":"European Society of Anaesthesiology and Intensive Care Medicine (ESAIC)","description":"Recommendation collection for adult patients that had a surgical intervention: Perform delirium screening on surgery day, ideally once a shift and at least twice a day.","action":[{"title":"RecCollDeliriumScreeningOnSurgeryDayMorningShift","description":"Perform Delirium Screening in Adult Surgical Patients, Postoperatively, on Surgery Day during the Morning Shift.","code":{"coding":[{"system":"http://hl7.org/fhir/uv/cpg/CodeSystem/cpg-common-process","code":"guideline-based-care"}]},"selectionBehavior":"one-or-more","definitionCanonical":"https://www.netzwerk-universitaetsmedizin.de/fhir/cpg-on-ebmonfhir/example/PlanDefinition/RecCollDeliriumScreeningOnSurgeryDayMorningShift"},{"title":"RecCollDeliriumScreeningOnSurgeryDayEveningShift","description":"Perform Delirium Screening in Adult Surgical Patients, Postoperatively, on Surgery Day during the Evening Shift.","code":{"coding":[{"system":"http://hl7.org/fhir/uv/cpg/CodeSystem/cpg-common-process","code":"guideline-based-care"}]},"selectionBehavior":"one-or-more","definitionCanonical":"https://www.netzwerk-universitaetsmedizin.de/fhir/cpg-on-ebmonfhir/example/PlanDefinition/RecCollDeliriumScreeningOnSurgeryDayEveningShift"},{"title":"RecCollDeliriumScreeningOnSurgeryDayNightShift","description":"Perform Delirium Screening in Adult Surgical Patients, Postoperatively, on Surgery Day during the Night Shift.","code":{"coding":[{"system":"http://hl7.org/fhir/uv/cpg/CodeSystem/cpg-common-process","code":"guideline-based-care"}]},"selectionBehavior":"one-or-more","definitionCanonical":"https://www.netzwerk-universitaetsmedizin.de/fhir/cpg-on-ebmonfhir/example/PlanDefinition/RecCollDeliriumScreeningOnSurgeryDayNightShift"}]}