{"resourceType":"PlanDefinition","id":"RecPlanPreoperativeDeliriumScreening","meta":{"profile":["https://www.netzwerk-universitaetsmedizin.de/fhir/cpg-on-ebm-on-fhir/StructureDefinition/recommendation-plan"]},"extension":[{"url":"http://hl7.org/fhir/uv/cpg/StructureDefinition/cpg-knowledgeCapability","valueCode":"computable"},{"url":"http://hl7.org/fhir/uv/cpg/StructureDefinition/cpg-knowledgeRepresentationLevel","valueCode":"structured"},{"url":"http://hl7.org/fhir/uv/cpg/StructureDefinition/cpg-partOf","valueCanonical":"https://www.netzwerk-universitaetsmedizin.de/fhir/cpg-on-ebmonfhir/example/PlanDefinition/RecCollPreoperativeDeliriumScreening"},{"extension":[{"url":"method","valueCodeableConcept":{"coding":[{"system":"https://www.netzwerk-universitaetsmedizin.de/fhir/cpg-on-ebm-on-fhir/CodeSystem/cs-action-combination-method","code":"at-least"}]}},{"url":"threshold","valuePositiveInt":1}],"url":"https://www.netzwerk-universitaetsmedizin.de/fhir/cpg-on-ebm-on-fhir/StructureDefinition/ext-action-combination-method"}],"url":"https://www.netzwerk-universitaetsmedizin.de/fhir/cpg-on-ebmonfhir/example/PlanDefinition/RecPlanPreoperativeDeliriumScreening","version":"0.2.0","name":"RecPlanPreoperativeDeliriumScreening","title":"Recommended Plan for Population: Adult Surgical Patients Preoperatively, Perform Baseline Delirium Screening","type":{"coding":[{"system":"http://terminology.hl7.org/CodeSystem/plan-definition-type","code":"eca-rule"}]},"status":"draft","experimental":true,"subjectCanonical":"https://www.netzwerk-universitaetsmedizin.de/fhir/cpg-on-ebmonfhir/example/EvidenceVariable/PopAdultPatientsPreoperativelyGeneralOnSurgeryDayAndBefore","date":"2024-04","publisher":"DIGIPOD","description":"Recommended Plan for Adult Surgical Patients Preoperatively, perform baseline delirium screening.","action":[{"code":{"coding":[{"system":"http://snomed.info/sct","code":"386053000","display":"Evaluation procedure (procedure)"}]},"reason":[{"coding":[{"system":"http://hl7.org/fhir/action-reason-code","code":"quality-measure","display":"Quality measure"}]}],"requiredBehavior":"must","definitionCanonical":"https://www.netzwerk-universitaetsmedizin.de/fhir/cpg-on-ebmonfhir/example/ActivityDefinition/RecActionAdultPatientsPreoperativelyCheckNUDESC"},{"code":{"coding":[{"system":"http://snomed.info/sct","code":"386053000","display":"Evaluation procedure (procedure)"}]},"reason":[{"coding":[{"system":"http://hl7.org/fhir/action-reason-code","code":"quality-measure","display":"Quality measure"}]}],"requiredBehavior":"must","definitionCanonical":"https://www.netzwerk-universitaetsmedizin.de/fhir/cpg-on-ebmonfhir/example/ActivityDefinition/RecActionAdultPatientsPreoperativelyCheckDRS"},{"code":{"coding":[{"system":"http://snomed.info/sct","code":"386053000","display":"Evaluation procedure (procedure)"}]},"reason":[{"coding":[{"system":"http://hl7.org/fhir/action-reason-code","code":"quality-measure","display":"Quality measure"}]}],"requiredBehavior":"must","definitionCanonical":"https://www.netzwerk-universitaetsmedizin.de/fhir/cpg-on-ebmonfhir/example/ActivityDefinition/RecActionAdultPatientsPreoperativelyCheckDOS"},{"code":{"coding":[{"system":"http://snomed.info/sct","code":"386053000","display":"Evaluation procedure (procedure)"}]},"reason":[{"coding":[{"system":"http://hl7.org/fhir/action-reason-code","code":"quality-measure","display":"Quality measure"}]}],"requiredBehavior":"must","definitionCanonical":"https://www.netzwerk-universitaetsmedizin.de/fhir/cpg-on-ebmonfhir/example/ActivityDefinition/RecActionAdultPatientsPreoperativelyCheckCAM"},{"code":{"coding":[{"system":"http://snomed.info/sct","code":"386053000","display":"Evaluation procedure (procedure)"}]},"reason":[{"coding":[{"system":"http://hl7.org/fhir/action-reason-code","code":"quality-measure","display":"Quality measure"}]}],"requiredBehavior":"must","definitionCanonical":"https://www.netzwerk-universitaetsmedizin.de/fhir/cpg-on-ebmonfhir/example/ActivityDefinition/RecActionAdultPatientsPreoperativelyCheckAT4"},{"code":{"coding":[{"system":"http://snomed.info/sct","code":"386053000","display":"Evaluation procedure (procedure)"}]},"reason":[{"coding":[{"system":"http://hl7.org/fhir/action-reason-code","code":"quality-measure","display":"Quality measure"}]}],"requiredBehavior":"must","definitionCanonical":"https://www.netzwerk-universitaetsmedizin.de/fhir/cpg-on-ebmonfhir/example/ActivityDefinition/RecActionAdultPatientsPreoperativelyCheck3DCAM"}]}