{"resourceType":"PlanDefinition","id":"RecCollCheckRFAdultSurgicalPatientsPreoperatively","meta":{"profile":["https://www.netzwerk-universitaetsmedizin.de/fhir/cpg-on-ebm-on-fhir/StructureDefinition/recommendation"]},"extension":[{"url":"http://hl7.org/fhir/uv/cpg/StructureDefinition/cpg-knowledgeCapability","valueCode":"computable"},{"url":"http://hl7.org/fhir/uv/cpg/StructureDefinition/cpg-knowledgeRepresentationLevel","valueCode":"structured"},{"extension":[{"url":"method","valueCodeableConcept":{"coding":[{"system":"https://www.netzwerk-universitaetsmedizin.de/fhir/cpg-on-ebm-on-fhir/CodeSystem/cs-action-combination-method","code":"all"}]}}],"url":"https://www.netzwerk-universitaetsmedizin.de/fhir/cpg-on-ebm-on-fhir/StructureDefinition/ext-action-combination-method"}],"url":"https://www.netzwerk-universitaetsmedizin.de/fhir/cpg-on-ebmonfhir/example/PlanDefinition/RecCollCheckRFAdultSurgicalPatientsPreoperatively","version":"0.2.0","name":"RecCollCheckRFAdultSurgicalPatientsPreoperatively","title":"Recommendation Collection: Check risk factors in Adult Surgical Patients Preoperatively","type":{"coding":[{"system":"http://terminology.hl7.org/CodeSystem/plan-definition-type","code":"workflow-definition"}]},"status":"draft","date":"2024-02","publisher":"European Society of Anaesthesiology and Intensive Care Medicine (ESAIC)","description":"Recommendation collection for adult patients that will undergo a surgical intervention: Check risk factors age, American Society of Anesthesiology Physical status score (ASA), Charlson Comorbidity Index (CCI) and Mini-cog test score (Mini-cog). If Mini-cog test score is equal to or higher than 3, perform Montreal Cognitive Assessment (MoCA), Addenbrooke's Cognitive Examination (ACE-R) or Mini Mental State Examination (MMSE). Please note that MMSE is not free of charge (license fees)","action":[{"title":"RecommendationPlanCheckRiskFactorsAgeASACCIMiniCog","description":"Check risk factors age, ASA, CCI and Mini-Cog in Adult Surgical Patients, Preoperatively","code":{"coding":[{"system":"http://hl7.org/fhir/uv/cpg/CodeSystem/cpg-common-process","code":"guideline-based-care"}]},"selectionBehavior":"one-or-more","definitionCanonical":"https://www.netzwerk-universitaetsmedizin.de/fhir/cpg-on-ebmonfhir/example/PlanDefinition/RecPlanCheckRiskFactorsAgeASACCIMiniCog"},{"title":"RecommendationPlanCheckRiskFactorsMoCAACERMMSE","description":"Check risk factors MoCA, ACE-R or MMSE in Adult Surgical Patients, Preoperatively, with positive Mini-cog test score","code":{"coding":[{"system":"http://hl7.org/fhir/uv/cpg/CodeSystem/cpg-common-process","code":"guideline-based-care"}]},"selectionBehavior":"one-or-more","definitionCanonical":"https://www.netzwerk-universitaetsmedizin.de/fhir/cpg-on-ebmonfhir/example/PlanDefinition/RecPlanCheckRiskFactorsMoCAACERMMSE"},{"title":"RecommendationPlanProvideLicenseFeeWarningForMMSE","description":"Provide a warning for MMSE license fees in Adult Surgical Patients, Preoperatively, with positive Mini-cog test score that need a MMSE","code":{"coding":[{"system":"http://hl7.org/fhir/uv/cpg/CodeSystem/cpg-common-process","code":"guideline-based-care"}]},"selectionBehavior":"one-or-more","definitionCanonical":"https://www.netzwerk-universitaetsmedizin.de/fhir/cpg-on-ebmonfhir/example/PlanDefinition/RecPlanProvideLicenseFeeWarningForMMSE"}]}