{"resourceType":"PlanDefinition","id":"RecPlanCheckRiskFactorsMoCAACERMMSE","meta":{"profile":["https://www.netzwerk-universitaetsmedizin.de/fhir/cpg-on-ebm-on-fhir/StructureDefinition/recommendation-plan"]},"extension":[{"url":"http://hl7.org/fhir/uv/cpg/StructureDefinition/cpg-knowledgeCapability","valueCode":"computable"},{"url":"http://hl7.org/fhir/uv/cpg/StructureDefinition/cpg-knowledgeRepresentationLevel","valueCode":"structured"},{"url":"http://hl7.org/fhir/uv/cpg/StructureDefinition/cpg-partOf","valueCanonical":"https://www.netzwerk-universitaetsmedizin.de/fhir/cpg-on-ebmonfhir/example/PlanDefinition/RecCollCheckRFAdultSurgicalPatientsPreoperatively"},{"extension":[{"url":"method","valueCodeableConcept":{"coding":[{"system":"https://www.netzwerk-universitaetsmedizin.de/fhir/cpg-on-ebm-on-fhir/CodeSystem/cs-action-combination-method","code":"at-least"}]}},{"url":"threshold","valuePositiveInt":1}],"url":"https://www.netzwerk-universitaetsmedizin.de/fhir/cpg-on-ebm-on-fhir/StructureDefinition/ext-action-combination-method"}],"url":"https://www.netzwerk-universitaetsmedizin.de/fhir/cpg-on-ebmonfhir/example/PlanDefinition/RecPlanCheckRiskFactorsMoCAACERMMSE","version":"0.2.0","name":"RecPlanCheckRiskFactorsMoCAACERMMSE","title":"Recommended Plan for Population: Adult Surgical Patients Preoperatively with Positive Mini-cog Test Score, check risk factor Montreal Cognitive Assessment (MoCA) score, Addenbrooke's Cognitive Examination revised (ACE-R) score or Mini-Mental State Examination (MMSE) score","type":{"coding":[{"system":"http://terminology.hl7.org/CodeSystem/plan-definition-type","code":"eca-rule"}]},"status":"draft","experimental":true,"subjectCanonical":"https://www.netzwerk-universitaetsmedizin.de/fhir/cpg-on-ebmonfhir/example/EvidenceVariable/PopAdultSurgicalPatientsPreoperativelyWithPositiveMiniCog","date":"2024-02","publisher":"DIGIPOD","description":"Recommended Plan for Adult Surgical Patients Preoperatively if Mini-cog test score is equal to or higher than 3, check risk factors Montreal Cognitive Assessment (MoCA) score, Addenbrooke's Cognitive Examination revised (ACE-R) score or Mini-Mental State Examination (MMSE) score.","action":[{"code":{"coding":[{"system":"http://snomed.info/sct","code":"386053000","display":"Evaluation procedure (procedure)"}]},"reason":[{"coding":[{"system":"http://hl7.org/fhir/action-reason-code","code":"risk-assessment","display":"Risk assessment"}]}],"requiredBehavior":"must","definitionCanonical":"https://www.netzwerk-universitaetsmedizin.de/fhir/cpg-on-ebmonfhir/example/ActivityDefinition/RecActionAdultSurgicalPatientsPreoperativelyCheckRFMoCA"},{"code":{"coding":[{"system":"http://snomed.info/sct","code":"386053000","display":"Evaluation procedure (procedure)"}]},"reason":[{"coding":[{"system":"http://hl7.org/fhir/action-reason-code","code":"risk-assessment","display":"Risk assessment"}]}],"requiredBehavior":"must","definitionCanonical":"https://www.netzwerk-universitaetsmedizin.de/fhir/cpg-on-ebmonfhir/example/ActivityDefinition/RecActionAdultSurgicalPatientsPreoperativelyCheckRFACER"},{"code":{"coding":[{"system":"http://snomed.info/sct","code":"386053000","display":"Evaluation procedure (procedure)"}]},"reason":[{"coding":[{"system":"http://hl7.org/fhir/action-reason-code","code":"risk-assessment","display":"Risk assessment"}]}],"requiredBehavior":"must","definitionCanonical":"https://www.netzwerk-universitaetsmedizin.de/fhir/cpg-on-ebmonfhir/example/ActivityDefinition/RecActionAdultSurgicalPatientsPreoperativelyCheckRFMMSE"}]}