{
  "resourceType" : "ActivityDefinition",
  "id" : "RecActionIntraoperativeEEGDensitySpectralArray",
  "meta" : {
    "profile" : ["https://www.netzwerk-universitaetsmedizin.de/fhir/cpg-on-ebm-on-fhir/StructureDefinition/recommendation-action"]
  },
  "text" : {
    "status" : "extensions",
    "div" : "<div xmlns=\"http://www.w3.org/1999/xhtml\"><p><b>Generated Narrative: ActivityDefinition</b><a name=\"RecActionIntraoperativeEEGDensitySpectralArray\"> </a><a name=\"hcRecActionIntraoperativeEEGDensitySpectralArray\"> </a></p><div style=\"display: inline-block; background-color: #d9e0e7; padding: 6px; margin: 4px; border: 1px solid #8da1b4; border-radius: 5px; line-height: 60%\"><p style=\"margin-bottom: 0px\">ResourceActivityDefinition &quot;RecActionIntraoperativeEEGDensitySpectralArray&quot; </p><p style=\"margin-bottom: 0px\">Profile: <a href=\"file:///github/workspace/output/StructureDefinition-recommendation-action.html\">Recommendation Action</a></p></div><p><b>knowledgeCapability</b>: computable</p><p><b>knowledgeRepresentationLevel</b>: structured</p><p><b>url</b>: <code>https://www.netzwerk-universitaetsmedizin.de/fhir/cpg-on-ebmonfhir/example/ActivityDefinition/RecActionIntraoperativeEEGDensitySpectralArray</code></p><p><b>version</b>: 0.2.0</p><p><b>name</b>: RecActionIntraoperativeEEGDensitySpectralArray</p><p><b>title</b>: Recommended Action for Population: Adult Surgical Patients Intraoperatively, use electroencephalographic density spectral array</p><p><b>status</b>: draft</p><p><b>experimental</b>: true</p><p><b>subject</b>: Patient <span style=\"background: LightGoldenRodYellow; margin: 4px; border: 1px solid khaki\"> (<a href=\"http://hl7.org/fhir/R5/codesystem-fhir-types.html\">All FHIR Types</a>#Patient)</span></p><p><b>date</b>: 2024-02</p><p><b>publisher</b>: DIGIPOD</p><p><b>description</b>: Recommended Action for Adult Surgical Patients, Intraoperatively, EEG monitoring must include density spectral array (DSA)</p><p><b>kind</b>: ServiceRequest</p><p><b>code</b>: Encephalographic density spectral array <span style=\"background: LightGoldenRodYellow; margin: 4px; border: 1px solid khaki\"> (<a href=\"CodeSystem-digipod.html\">DIGIPOD</a>#015)</span></p></div>"
  },
  "extension" : [{
    "url" : "http://hl7.org/fhir/uv/cpg/StructureDefinition/cpg-knowledgeCapability",
    "valueCode" : "computable"
  },
  {
    "url" : "http://hl7.org/fhir/uv/cpg/StructureDefinition/cpg-knowledgeRepresentationLevel",
    "valueCode" : "structured"
  }],
  "url" : "https://www.netzwerk-universitaetsmedizin.de/fhir/cpg-on-ebmonfhir/example/ActivityDefinition/RecActionIntraoperativeEEGDensitySpectralArray",
  "version" : "0.2.0",
  "name" : "RecActionIntraoperativeEEGDensitySpectralArray",
  "title" : "Recommended Action for Population: Adult Surgical Patients Intraoperatively, use electroencephalographic density spectral array",
  "status" : "draft",
  "experimental" : true,
  "subjectCodeableConcept" : {
    "coding" : [{
      "system" : "http://hl7.org/fhir/fhir-types",
      "code" : "Patient"
    }]
  },
  "date" : "2024-02",
  "publisher" : "DIGIPOD",
  "description" : "Recommended Action for Adult Surgical Patients, Intraoperatively, EEG monitoring must include density spectral array (DSA)",
  "kind" : "ServiceRequest",
  "code" : {
    "coding" : [{
      "system" : "https://www.charite.de/fhir/digipod/CodeSystem/digipod",
      "code" : "015",
      "display" : "Encephalographic density spectral array"
    }]
  }
}