{
  "resourceType" : "Citation",
  "id" : "Recommendation3.3PrevMeasuresIEffectsOfDrugsOnPODPrevention",
  "meta" : {
    "profile" : ["https://www.netzwerk-universitaetsmedizin.de/fhir/cpg-on-ebm-on-fhir/StructureDefinition/recommendation-citation"]
  },
  "text" : {
    "status" : "generated",
    "div" : "<div xmlns=\"http://www.w3.org/1999/xhtml\"><p><b>Generated Narrative: Citation</b><a name=\"Recommendation3.3PrevMeasuresIEffectsOfDrugsOnPODPrevention\"> </a><a name=\"hcRecommendation3.3PrevMeasuresIEffectsOfDrugsOnPODPrevention\"> </a></p><div style=\"display: inline-block; background-color: #d9e0e7; padding: 6px; margin: 4px; border: 1px solid #8da1b4; border-radius: 5px; line-height: 60%\"><p style=\"margin-bottom: 0px\">ResourceCitation &quot;Recommendation3.3PrevMeasuresIEffectsOfDrugsOnPODPrevention&quot; </p><p style=\"margin-bottom: 0px\">Profile: <a href=\"file:///github/workspace/output/StructureDefinition-recommendation-citation.html\">Recommendation Citation</a></p></div><p><b>version</b>: 0.2.0</p><p><b>name</b>: Recommendation3_3PrevMeasuresIEffectsOfDrugsOnPODPrevention</p><p><b>title</b>: Recommendation 3.3: Preventive Measures I (Effects of Drugs on POD prevention) - Type of surgery or anesthesia to reduce the incidence of POD</p><p><b>status</b>: draft</p><p><b>date</b>: 2024-02</p><blockquote><p><b>citedArtifact</b></p><p><b>identifier</b>: 37599617-rec3.3</p><h3>Versions</h3><table class=\"grid\"><tr><td style=\"display: none\">-</td><td><b>Value</b></td></tr><tr><td style=\"display: none\">*</td><td>1.0</td></tr></table><p><b>currentState</b>: Published final form <span style=\"background: LightGoldenRodYellow; margin: 4px; border: 1px solid khaki\"> (<a href=\"http://hl7.org/fhir/R5/codesystem-cited-artifact-status-type.html\">Cited Artifact Status Type</a>#published-final-form)</span></p><h3>Titles</h3><table class=\"grid\"><tr><td style=\"display: none\">-</td><td><b>Type</b></td><td><b>Language</b></td><td><b>Text</b></td></tr><tr><td style=\"display: none\">*</td><td>Primary title <span style=\"background: LightGoldenRodYellow; margin: 4px; border: 1px solid khaki\"> (<a href=\"http://hl7.org/fhir/R5/codesystem-title-type.html\">Title Type</a>#primary)</span></td><td>English <span style=\"background: LightGoldenRodYellow; margin: 4px; border: 1px solid khaki\"> (<a href=\"http://terminology.hl7.org/5.5.0/CodeSystem-v3-ietf3066.html\">Tags for the Identification of Languages</a>#en)</span></td><td>Recommendation 3.3</td></tr></table><h3>Parts</h3><table class=\"grid\"><tr><td style=\"display: none\">-</td><td><b>Type</b></td><td><b>Value</b></td></tr><tr><td style=\"display: none\">*</td><td>paragraphs <span style=\"background: LightGoldenRodYellow; margin: 4px; border: 1px solid khaki\"> (<a href=\"http://hl7.org/fhir/R5/codesystem-cited-artifact-part-type.html\">Cited Artifact Part Type</a>#paragraphs)</span></td><td>In patients undergoing surgery, we do not suggest any specific type of surgery and type of anaesthesia to reduce the incidence of POD.</td></tr></table><h3>RelatesTos</h3><table class=\"grid\"><tr><td style=\"display: none\">-</td><td><b>Type</b></td><td><b>Resource</b></td></tr><tr><td style=\"display: none\">*</td><td>contained-in</td><td><a href=\"Citation-ClinicalPracticeGuidelineESAICOnPostOpDeliriumInAdultPatients.html\">Update of the European Society of Anaesthesiology and Intensive Care Medicine evidence-based and consensus-based guideline on postoperative delirium in adult patients</a></td></tr></table><h3>Classifications</h3><table class=\"grid\"><tr><td style=\"display: none\">-</td><td><b>Type</b></td><td><b>Classifier</b></td></tr><tr><td style=\"display: none\">*</td><td>Publication Type <span style=\"background: LightGoldenRodYellow; margin: 4px; border: 1px solid khaki\"> (<a href=\"http://hl7.org/fhir/R5/codesystem-cited-artifact-classification-type.html\">Cited Artifact Classification Type</a>#publication-type)</span></td><td>Clinical practice guideline recommendation <span style=\"background: LightGoldenRodYellow; margin: 4px; border: 1px solid khaki\"> (<a href=\"file:///github/workspace/output/CodeSystem-ceosys-code-system.html\">CEOsys Code System</a>#guideline-recommendation)</span></td></tr></table><blockquote><p><b>contributorship</b></p><blockquote><p><b>entry</b></p><p><b>contributor</b>: <a href=\"Practitioner-KatarzynaKotfis.html\">Practitioner/KatarzynaKotfis</a> &quot; KOTFIS&quot;</p><p><b>affiliation</b>: <span>: Department of Anesthesiology, Intensive Therapy and Acute Intoxications, Pomeranian Medical University in Szczecin, Poland</span></p></blockquote><blockquote><p><b>entry</b></p><p><b>contributor</b>: <a href=\"Practitioner-AnnikaReintamBlaser.html\">Practitioner/AnnikaReintamBlaser</a> &quot; REINTAM BLASER&quot;</p><p><b>affiliation</b>: </p><ul><li><span>: Department of Anaesthesiology and Intensive Care, University of Tartu, Tartu, Estonia</span></li><li><span>: Center for Intensive Care Medicine, Luzerner Kantonsspital, Lucerne, Switzerland</span></li></ul></blockquote><blockquote><p><b>entry</b></p><p><b>contributor</b>: <a href=\"Practitioner-AntonioCherubini.html\">Practitioner/AntonioCherubini</a> &quot; CHERUBINI&quot;</p><p><b>affiliation</b>: <span>: Geriatria, Accettazione Geriatrica e Centro di ricerca per l'invecchiamento, IRCCS INRCA, Ancona, Italy</span></p></blockquote><blockquote><p><b>entry</b></p><p><b>contributor</b>: <a href=\"Practitioner-WojciechDabrowski.html\">Practitioner/WojciechDabrowski</a> &quot; DABROWSKI&quot;</p><p><b>affiliation</b>: <span>: First Department of Anaesthesiology and Intensive Care Medical University of Lublin, Poland</span></p></blockquote><blockquote><p><b>entry</b></p><p><b>contributor</b>: <a href=\"Practitioner-NicolaGitti.html\">Practitioner/NicolaGitti</a> &quot; GITTI&quot;</p><p><b>affiliation</b>: <span>: Department of Medical and Surgical Specialties, Radiological Sciences and Public Health, University of Brescia</span></p></blockquote><blockquote><p><b>entry</b></p><p><b>contributor</b>: <a href=\"Practitioner-NicolaLatronico.html\">Practitioner/NicolaLatronico</a> &quot; LATRONICO&quot;</p><p><b>affiliation</b>: </p><ul><li><span>: Department of Medical and Surgical Specialties, Radiological Sciences and Public Health, University of Brescia</span></li><li><span>: Department of Anesthesia, Critical Care and Emergency, Spedali Civili University Hospital, Brescia, Italy</span></li></ul></blockquote><blockquote><p><b>entry</b></p><p><b>contributor</b>: <a href=\"Practitioner-BrunoNeuner.html\">Practitioner/BrunoNeuner</a> &quot; NEUNER&quot;</p><p><b>affiliation</b>: <span>: Department of Anesthesiology and Intensive Care Medicine, Charité-Universitätsmedizin Berlin, Corporate Member of Freie Universität Berlin, and Humboldt Universität zu Berlin, Campus Charité Mitte, and Campus Virchow Klinikum</span></p></blockquote><blockquote><p><b>entry</b></p><p><b>contributor</b>: <a href=\"Practitioner-SimonePiva.html\">Practitioner/SimonePiva</a> &quot; PIVA&quot;</p><p><b>affiliation</b>: </p><ul><li><span>: Department of Medical and Surgical Specialties, Radiological Sciences and Public Health, University of Brescia</span></li><li><span>: Department of Anesthesia, Critical Care and Emergency, Spedali Civili University Hospital, Brescia, Italy</span></li></ul></blockquote><blockquote><p><b>entry</b></p><p><b>contributor</b>: <a href=\"Practitioner-StefaniaRenzi.html\">Practitioner/StefaniaRenzi</a> &quot; RENZI&quot;</p><p><b>affiliation</b>: <span>: Department of Medical and Surgical Specialties, Radiological Sciences and Public Health, University of Brescia</span></p></blockquote></blockquote></blockquote></div>"
  },
  "version" : "0.2.0",
  "name" : "Recommendation3_3PrevMeasuresIEffectsOfDrugsOnPODPrevention",
  "title" : "Recommendation 3.3: Preventive Measures I (Effects of Drugs on POD prevention) - Type of surgery or anesthesia to reduce the incidence of POD",
  "status" : "draft",
  "date" : "2024-02",
  "citedArtifact" : {
    "identifier" : [{
      "value" : "37599617-rec3.3"
    }],
    "version" : {
      "value" : "1.0"
    },
    "currentState" : [{
      "coding" : [{
        "system" : "http://hl7.org/fhir/cited-artifact-status-type",
        "code" : "published-final-form",
        "display" : "Published final form"
      }]
    }],
    "title" : [{
      "type" : [{
        "coding" : [{
          "system" : "http://hl7.org/fhir/title-type",
          "code" : "primary",
          "display" : "Primary title"
        }]
      }],
      "language" : {
        "coding" : [{
          "system" : "urn:ietf:bcp:47",
          "code" : "en"
        }]
      },
      "text" : "Recommendation 3.3"
    }],
    "part" : {
      "type" : {
        "coding" : [{
          "system" : "http://hl7.org/fhir/cited-artifact-part-type",
          "code" : "paragraphs",
          "display" : "paragraphs"
        }]
      },
      "value" : "In patients undergoing surgery, we do not suggest any specific type of surgery and type of anaesthesia to reduce the incidence of POD."
    },
    "relatesTo" : [{
      "type" : "contained-in",
      "resource" : "https://www.netzwerk-universitaetsmedizin.de/fhir/cpg-on-ebmonfhir/example/Citation/ClinicalPracticeGuidelineESAICOnPostOpDeliriumInAdultPatients"
    }],
    "classification" : [{
      "type" : {
        "coding" : [{
          "system" : "http://hl7.org/fhir/cited-artifact-classification-type",
          "code" : "publication-type",
          "display" : "Publication Type"
        }]
      },
      "classifier" : [{
        "coding" : [{
          "system" : "https://www.netzwerk-universitaetsmedizin.de/fhir/cpg-on-ebm-on-fhir/CodeSystem/ceosys-code-system",
          "code" : "guideline-recommendation",
          "display" : "Clinical practice guideline recommendation"
        }]
      }]
    }],
    "contributorship" : {
      "entry" : [{
        "contributor" : {
          "reference" : "Practitioner/KatarzynaKotfis"
        },
        "affiliation" : [{
          "display" : "Department of Anesthesiology, Intensive Therapy and Acute Intoxications, Pomeranian Medical University in Szczecin, Poland"
        }]
      },
      {
        "contributor" : {
          "reference" : "Practitioner/AnnikaReintamBlaser"
        },
        "affiliation" : [{
          "display" : "Department of Anaesthesiology and Intensive Care, University of Tartu, Tartu, Estonia"
        },
        {
          "display" : "Center for Intensive Care Medicine, Luzerner Kantonsspital, Lucerne, Switzerland"
        }]
      },
      {
        "contributor" : {
          "reference" : "Practitioner/AntonioCherubini"
        },
        "affiliation" : [{
          "display" : "Geriatria, Accettazione Geriatrica e Centro di ricerca per l'invecchiamento, IRCCS INRCA, Ancona, Italy"
        }]
      },
      {
        "contributor" : {
          "reference" : "Practitioner/WojciechDabrowski"
        },
        "affiliation" : [{
          "display" : "First Department of Anaesthesiology and Intensive Care Medical University of Lublin, Poland"
        }]
      },
      {
        "contributor" : {
          "reference" : "Practitioner/NicolaGitti"
        },
        "affiliation" : [{
          "display" : "Department of Medical and Surgical Specialties, Radiological Sciences and Public Health, University of Brescia"
        }]
      },
      {
        "contributor" : {
          "reference" : "Practitioner/NicolaLatronico"
        },
        "affiliation" : [{
          "display" : "Department of Medical and Surgical Specialties, Radiological Sciences and Public Health, University of Brescia"
        },
        {
          "display" : "Department of Anesthesia, Critical Care and Emergency, Spedali Civili University Hospital, Brescia, Italy"
        }]
      },
      {
        "contributor" : {
          "reference" : "Practitioner/BrunoNeuner"
        },
        "affiliation" : [{
          "display" : "Department of Anesthesiology and Intensive Care Medicine, Charité-Universitätsmedizin Berlin, Corporate Member of Freie Universität Berlin, and Humboldt Universität zu Berlin, Campus Charité Mitte, and Campus Virchow Klinikum"
        }]
      },
      {
        "contributor" : {
          "reference" : "Practitioner/SimonePiva"
        },
        "affiliation" : [{
          "display" : "Department of Medical and Surgical Specialties, Radiological Sciences and Public Health, University of Brescia"
        },
        {
          "display" : "Department of Anesthesia, Critical Care and Emergency, Spedali Civili University Hospital, Brescia, Italy"
        }]
      },
      {
        "contributor" : {
          "reference" : "Practitioner/StefaniaRenzi"
        },
        "affiliation" : [{
          "display" : "Department of Medical and Surgical Specialties, Radiological Sciences and Public Health, University of Brescia"
        }]
      }]
    }
  }
}