{
  "resourceType" : "EvidenceVariable",
  "id" : "PopAdultPatientsPostoperativelyOnNormalWardWithRASSEqualLower-3",
  "meta" : {
    "profile" : ["https://www.netzwerk-universitaetsmedizin.de/fhir/cpg-on-ebm-on-fhir/StructureDefinition/recommendation-eligibility-criteria"]
  },
  "text" : {
    "status" : "generated",
    "div" : "<div xmlns=\"http://www.w3.org/1999/xhtml\"><p><b>Generated Narrative: EvidenceVariable</b><a name=\"PopAdultPatientsPostoperativelyOnNormalWardWithRASSEqualLower-3\"> </a><a name=\"hcPopAdultPatientsPostoperativelyOnNormalWardWithRASSEqualLower-3\"> </a></p><div style=\"display: inline-block; background-color: #d9e0e7; padding: 6px; margin: 4px; border: 1px solid #8da1b4; border-radius: 5px; line-height: 60%\"><p style=\"margin-bottom: 0px\">ResourceEvidenceVariable &quot;PopAdultPatientsPostoperativelyOnNormalWardWithRASSEqualLower-3&quot; </p><p style=\"margin-bottom: 0px\">Profile: <a href=\"file:///github/workspace/output/StructureDefinition-recommendation-eligibility-criteria.html\">Recommendation Eligibility Criteria</a></p></div><p><b>url</b>: <code>https://www.netzwerk-universitaetsmedizin.de/fhir/cpg-on-ebmonfhir/example/EvidenceVariable/PopAdultPatientsPostoperativelyOnNormalWardWithRASSEqualLower-3</code></p><p><b>version</b>: 0.2.0</p><p><b>name</b>: PopAdultPatientsPostoperativelyOnNormalWardWithRASSEqualLower-3</p><p><b>title</b>: Population: General Adult Surgical Patients Postoperatively On Normal Ward, With a RASS Equal Or Lower Than -3</p><p><b>status</b>: draft</p><p><b>date</b>: 2024-04</p><p><b>description</b>: Population for guideline 0.2 from https://pubmed.ncbi.nlm.nih.gov/37599617/: Adult patients, postoperatively, on a normal ward, with a RASS of -3 or less</p><blockquote><p><b>characteristic</b></p><p><b>exclude</b>: false</p><blockquote><p><b>definitionByCombination</b></p><p><b>code</b>: all-of</p><blockquote><p><b>characteristic</b></p><p><b>exclude</b>: false</p><blockquote><p><b>definitionByTypeAndValue</b></p></blockquote></blockquote><blockquote><p><b>characteristic</b></p><p><b>exclude</b>: false</p><blockquote><p><b>definitionByTypeAndValue</b></p></blockquote></blockquote><blockquote><p><b>characteristic</b></p><p><b>exclude</b>: false</p><blockquote><p><b>definitionByTypeAndValue</b></p></blockquote></blockquote><blockquote><p><b>characteristic</b></p><blockquote><p><b>definitionByTypeAndValue</b></p></blockquote></blockquote></blockquote><h3>TimeFromEvents</h3><table class=\"grid\"><tr><td style=\"display: none\">-</td><td><b>Description</b></td><td><b>Event[x]</b></td><td><b>Range</b></td></tr><tr><td style=\"display: none\">*</td><td>Postoperatively, maximum five complete days after the surgical procedure</td><td>Date of surgical procedure <span style=\"background: LightGoldenRodYellow; margin: 4px; border: 1px solid khaki\"> (<a href=\"CodeSystem-digipod.html\">DIGIPOD</a>#007)</span></td><td>0-6 day</td></tr></table></blockquote></div>"
  },
  "url" : "https://www.netzwerk-universitaetsmedizin.de/fhir/cpg-on-ebmonfhir/example/EvidenceVariable/PopAdultPatientsPostoperativelyOnNormalWardWithRASSEqualLower-3",
  "version" : "0.2.0",
  "name" : "PopAdultPatientsPostoperativelyOnNormalWardWithRASSEqualLower-3",
  "title" : "Population: General Adult Surgical Patients Postoperatively On Normal Ward, With a RASS Equal Or Lower Than -3",
  "status" : "draft",
  "date" : "2024-04",
  "description" : "Population for guideline 0.2 from https://pubmed.ncbi.nlm.nih.gov/37599617/: Adult patients, postoperatively, on a normal ward, with a RASS of -3 or less",
  "characteristic" : [{
    "exclude" : false,
    "definitionByCombination" : {
      "code" : "all-of",
      "characteristic" : [{
        "exclude" : false,
        "definitionByTypeAndValue" : {
          "type" : {
            "coding" : [{
              "system" : "http://snomed.info/sct",
              "code" : "424144002",
              "display" : "Current chronological age (observable entity)"
            }]
          },
          "valueRange" : {
            "low" : {
              "value" : 18,
              "unit" : "years",
              "system" : "http://unitsofmeasure.org",
              "code" : "a"
            }
          }
        }
      },
      {
        "exclude" : false,
        "definitionByTypeAndValue" : {
          "type" : {
            "coding" : [{
              "system" : "http://snomed.info/sct",
              "code" : "71388002",
              "display" : "Procedure (procedure)"
            }]
          },
          "valueCodeableConcept" : {
            "coding" : [{
              "system" : "http://snomed.info/sct",
              "code" : "387713003",
              "display" : "Surgical procedure (procedure)"
            }]
          }
        }
      },
      {
        "exclude" : false,
        "definitionByTypeAndValue" : {
          "type" : {
            "coding" : [{
              "system" : "http://loinc.org",
              "code" : "78030-4",
              "display" : "Episode of care Type"
            }]
          },
          "valueCodeableConcept" : {
            "coding" : [{
              "system" : "http://fhir.de/CodeSystem/kontaktart-de",
              "code" : "normalstationaer",
              "display" : "Normalstationär"
            }]
          }
        }
      },
      {
        "definitionByTypeAndValue" : {
          "type" : {
            "coding" : [{
              "system" : "http://snomed.info/sct",
              "version" : "http://snomed.info/sct/731000124108/version/20230901",
              "code" : "457441000124102",
              "display" : "Richmond Agitation-Sedation Scale (assessment scale)"
            }]
          },
          "valueQuantity" : {
            "value" : 3,
            "comparator" : "<="
          }
        }
      }]
    },
    "timeFromEvent" : [{
      "description" : "Postoperatively, maximum five complete days after the surgical procedure",
      "eventCodeableConcept" : {
        "coding" : [{
          "system" : "https://www.charite.de/fhir/digipod/CodeSystem/digipod",
          "code" : "007",
          "display" : "Date of surgical procedure"
        }]
      },
      "range" : {
        "low" : {
          "value" : 0,
          "unit" : "day",
          "system" : "http://unitsofmeasure.org",
          "code" : "d"
        },
        "high" : {
          "value" : 6,
          "unit" : "day",
          "system" : "http://unitsofmeasure.org",
          "code" : "d"
        }
      }
    }]
  }]
}