{
  "resourceType" : "PlanDefinition",
  "id" : "RecCollPreoperativeDeliriumScreening",
  "meta" : {
    "profile" : ["https://www.netzwerk-universitaetsmedizin.de/fhir/cpg-on-ebm-on-fhir/StructureDefinition/recommendation"]
  },
  "text" : {
    "status" : "extensions",
    "div" : "<div xmlns=\"http://www.w3.org/1999/xhtml\"><p><b>Generated Narrative: PlanDefinition</b><a name=\"RecCollPreoperativeDeliriumScreening\"> </a><a name=\"hcRecCollPreoperativeDeliriumScreening\"> </a></p><div style=\"display: inline-block; background-color: #d9e0e7; padding: 6px; margin: 4px; border: 1px solid #8da1b4; border-radius: 5px; line-height: 60%\"><p style=\"margin-bottom: 0px\">ResourcePlanDefinition &quot;RecCollPreoperativeDeliriumScreening&quot; </p><p style=\"margin-bottom: 0px\">Profile: <a href=\"file:///github/workspace/output/StructureDefinition-recommendation.html\">Recommendation</a></p></div><p><b>knowledgeCapability</b>: computable</p><p><b>knowledgeRepresentationLevel</b>: structured</p><blockquote><p><b>Action Combination Method</b></p><blockquote><p><b>url</b></p><code>method</code></blockquote><p><b>value</b>: All <span style=\"background: LightGoldenRodYellow; margin: 4px; border: 1px solid khaki\"> (<a href=\"file:///github/workspace/output/CodeSystem-cs-action-combination-method.html\">Action Combination Method</a>#all)</span></p></blockquote><p><b>url</b>: <code>https://www.netzwerk-universitaetsmedizin.de/fhir/cpg-on-ebmonfhir/example/PlanDefinition/RecCollPreoperativeDeliriumScreening</code></p><p><b>version</b>: 0.2.0</p><p><b>name</b>: RecCollPreoperativeDeliriumScreening</p><p><b>title</b>: Recommendation Collection: Perform Baseline Delirium Screening in Adult Surgical Patients Preoperatively</p><p><b>type</b>: Workflow Definition <span style=\"background: LightGoldenRodYellow; margin: 4px; border: 1px solid khaki\"> (<a href=\"http://terminology.hl7.org/5.5.0/CodeSystem-plan-definition-type.html\">PlanDefinitionType</a>#workflow-definition)</span></p><p><b>status</b>: draft</p><p><b>date</b>: 2024-02</p><p><b>publisher</b>: European Society of Anaesthesiology and Intensive Care Medicine (ESAIC)</p><p><b>description</b>: Recommendation collection for adult patients that will undergo a surgical intervention: Perform baseline delirium screening.</p><h3>Actions</h3><table class=\"grid\"><tr><td style=\"display: none\">-</td><td><b>Title</b></td><td><b>Description</b></td><td><b>Code</b></td><td><b>SelectionBehavior</b></td><td><b>Definition[x]</b></td></tr><tr><td style=\"display: none\">*</td><td>RecPlanPreoperativeDeliriumScreening</td><td>Perform Delirium Screening in Adult Surgical Patients, Preoperatively</td><td>Guideline-based Care <span style=\"background: LightGoldenRodYellow; margin: 4px; border: 1px solid khaki\"> (<a href=\"http://hl7.org/fhir/uv/cpg/STU1/CodeSystem-cpg-common-process.html\">CPG Common Process</a>#guideline-based-care)</span></td><td>one-or-more</td><td><a href=\"PlanDefinition-RecPlanPreoperativeDeliriumScreening.html\">Recommended Plan for Population: Adult Surgical Patients Preoperatively, Perform Baseline Delirium Screening</a></td></tr></table></div>"
  },
  "extension" : [{
    "url" : "http://hl7.org/fhir/uv/cpg/StructureDefinition/cpg-knowledgeCapability",
    "valueCode" : "computable"
  },
  {
    "url" : "http://hl7.org/fhir/uv/cpg/StructureDefinition/cpg-knowledgeRepresentationLevel",
    "valueCode" : "structured"
  },
  {
    "extension" : [{
      "url" : "method",
      "valueCodeableConcept" : {
        "coding" : [{
          "system" : "https://www.netzwerk-universitaetsmedizin.de/fhir/cpg-on-ebm-on-fhir/CodeSystem/cs-action-combination-method",
          "code" : "all"
        }]
      }
    }],
    "url" : "https://www.netzwerk-universitaetsmedizin.de/fhir/cpg-on-ebm-on-fhir/StructureDefinition/ext-action-combination-method"
  }],
  "url" : "https://www.netzwerk-universitaetsmedizin.de/fhir/cpg-on-ebmonfhir/example/PlanDefinition/RecCollPreoperativeDeliriumScreening",
  "version" : "0.2.0",
  "name" : "RecCollPreoperativeDeliriumScreening",
  "title" : "Recommendation Collection: Perform Baseline Delirium Screening in Adult Surgical Patients Preoperatively",
  "type" : {
    "coding" : [{
      "system" : "http://terminology.hl7.org/CodeSystem/plan-definition-type",
      "code" : "workflow-definition"
    }]
  },
  "status" : "draft",
  "date" : "2024-02",
  "publisher" : "European Society of Anaesthesiology and Intensive Care Medicine (ESAIC)",
  "description" : "Recommendation collection for adult patients that will undergo a surgical intervention: Perform baseline delirium screening.",
  "action" : [{
    "title" : "RecPlanPreoperativeDeliriumScreening",
    "description" : "Perform Delirium Screening in Adult Surgical Patients, Preoperatively",
    "code" : {
      "coding" : [{
        "system" : "http://hl7.org/fhir/uv/cpg/CodeSystem/cpg-common-process",
        "code" : "guideline-based-care"
      }]
    },
    "selectionBehavior" : "one-or-more",
    "definitionCanonical" : "https://www.netzwerk-universitaetsmedizin.de/fhir/cpg-on-ebmonfhir/example/PlanDefinition/RecPlanPreoperativeDeliriumScreening"
  }]
}