{
  "resourceType" : "PlanDefinition",
  "id" : "RecCollDeliriumScreeningOnSurgeryDayMorningShift",
  "meta" : {
    "profile" : ["https://www.netzwerk-universitaetsmedizin.de/fhir/cpg-on-ebm-on-fhir/StructureDefinition/recommendation"]
  },
  "text" : {
    "status" : "extensions",
    "div" : "<div xmlns=\"http://www.w3.org/1999/xhtml\"><p><b>Generated Narrative: PlanDefinition</b><a name=\"RecCollDeliriumScreeningOnSurgeryDayMorningShift\"> </a><a name=\"hcRecCollDeliriumScreeningOnSurgeryDayMorningShift\"> </a></p><div style=\"display: inline-block; background-color: #d9e0e7; padding: 6px; margin: 4px; border: 1px solid #8da1b4; border-radius: 5px; line-height: 60%\"><p style=\"margin-bottom: 0px\">ResourcePlanDefinition &quot;RecCollDeliriumScreeningOnSurgeryDayMorningShift&quot; </p><p style=\"margin-bottom: 0px\">Profile: <a href=\"file:///github/workspace/output/StructureDefinition-recommendation.html\">Recommendation</a></p></div><p><b>knowledgeCapability</b>: computable</p><p><b>knowledgeRepresentationLevel</b>: structured</p><blockquote><p><b>Action Combination Method</b></p><blockquote><p><b>url</b></p><code>method</code></blockquote><p><b>value</b>: Exactly <span style=\"background: LightGoldenRodYellow; margin: 4px; border: 1px solid khaki\"> (<a href=\"file:///github/workspace/output/CodeSystem-cs-action-combination-method.html\">Action Combination Method</a>#exactly)</span></p><blockquote><p><b>url</b></p><code>threshold</code></blockquote><p><b>value</b>: 1</p></blockquote><p><b>url</b>: <code>https://www.netzwerk-universitaetsmedizin.de/fhir/cpg-on-ebmonfhir/example/PlanDefinition/RecCollDeliriumScreeningOnSurgeryDayMorningShift</code></p><p><b>version</b>: 0.2.0</p><p><b>name</b>: RecCollDeliriumScreeningOnSurgeryDayMorningShift</p><p><b>title</b>: Recommendation Collection: Perform Delirium Screening in Adult Surgical Patients Postoperatively on surgery day during the morning shift</p><p><b>type</b>: Workflow Definition <span style=\"background: LightGoldenRodYellow; margin: 4px; border: 1px solid khaki\"> (<a href=\"http://terminology.hl7.org/5.5.0/CodeSystem-plan-definition-type.html\">PlanDefinitionType</a>#workflow-definition)</span></p><p><b>status</b>: draft</p><p><b>date</b>: 2024-02</p><p><b>publisher</b>: European Society of Anaesthesiology and Intensive Care Medicine (ESAIC)</p><p><b>description</b>: Recommendation collection for adult patients that had a surgical intervention: Perform delirium screening on surgery day during the morning shift.</p><blockquote><p><b>action</b></p><p><b>title</b>: RecPlanPostoperativeDeliriumScreeningOnSurgeryDayNWMorningShift</p><p><b>description</b>: Perform Delirium Screening in Adult Surgical Patients, Postoperatively, on a Normal Ward, on Surgery Day During the Morning Shift.</p><p><b>code</b>: Guideline-based Care <span style=\"background: LightGoldenRodYellow; margin: 4px; border: 1px solid khaki\"> (<a href=\"http://hl7.org/fhir/uv/cpg/STU1/CodeSystem-cpg-common-process.html\">CPG Common Process</a>#guideline-based-care)</span></p><p><b>selectionBehavior</b>: one-or-more</p><p><b>definition</b>: <a href=\"PlanDefinition-RecPlanPostoperativeDeliriumScreeningOnSurgeryDayNWMorningShift.html\">Recommended Plan for Population: Adult Surgical Patients Postoperatively on a Normal Ward, Perform Delirium Screening during the morning shift</a></p></blockquote><blockquote><p><b>action</b></p><p><b>title</b>: RecPlanPostoperativeDeliriumScreeningOnSurgeryDayICUMorningShift</p><p><b>description</b>: Perform Delirium Screening in Adult Surgical Patients, Postoperatively, on an Intensive Care unit, on Surgery Day Morning the Night Shift.</p><p><b>code</b>: Guideline-based Care <span style=\"background: LightGoldenRodYellow; margin: 4px; border: 1px solid khaki\"> (<a href=\"http://hl7.org/fhir/uv/cpg/STU1/CodeSystem-cpg-common-process.html\">CPG Common Process</a>#guideline-based-care)</span></p><p><b>selectionBehavior</b>: one-or-more</p><p><b>definition</b>: <a href=\"PlanDefinition-RecPlanPostoperativeDeliriumScreeningOnSurgeryDayICUMorningShift.html\">Recommended Plan for Population: Adult Surgical Patients Postoperatively on an Intensive Care Unit, Perform Delirium Screening during the morning shift</a></p></blockquote></div>"
  },
  "extension" : [{
    "url" : "http://hl7.org/fhir/uv/cpg/StructureDefinition/cpg-knowledgeCapability",
    "valueCode" : "computable"
  },
  {
    "url" : "http://hl7.org/fhir/uv/cpg/StructureDefinition/cpg-knowledgeRepresentationLevel",
    "valueCode" : "structured"
  },
  {
    "extension" : [{
      "url" : "method",
      "valueCodeableConcept" : {
        "coding" : [{
          "system" : "https://www.netzwerk-universitaetsmedizin.de/fhir/cpg-on-ebm-on-fhir/CodeSystem/cs-action-combination-method",
          "code" : "exactly"
        }]
      }
    },
    {
      "url" : "threshold",
      "valuePositiveInt" : 1
    }],
    "url" : "https://www.netzwerk-universitaetsmedizin.de/fhir/cpg-on-ebm-on-fhir/StructureDefinition/ext-action-combination-method"
  }],
  "url" : "https://www.netzwerk-universitaetsmedizin.de/fhir/cpg-on-ebmonfhir/example/PlanDefinition/RecCollDeliriumScreeningOnSurgeryDayMorningShift",
  "version" : "0.2.0",
  "name" : "RecCollDeliriumScreeningOnSurgeryDayMorningShift",
  "title" : "Recommendation Collection: Perform Delirium Screening in Adult Surgical Patients Postoperatively on surgery day during the morning shift",
  "type" : {
    "coding" : [{
      "system" : "http://terminology.hl7.org/CodeSystem/plan-definition-type",
      "code" : "workflow-definition"
    }]
  },
  "status" : "draft",
  "date" : "2024-02",
  "publisher" : "European Society of Anaesthesiology and Intensive Care Medicine (ESAIC)",
  "description" : "Recommendation collection for adult patients that had a surgical intervention: Perform delirium screening on surgery day during the morning shift.",
  "action" : [{
    "title" : "RecPlanPostoperativeDeliriumScreeningOnSurgeryDayNWMorningShift",
    "description" : "Perform Delirium Screening in Adult Surgical Patients, Postoperatively, on a Normal Ward, on Surgery Day During the Morning Shift.",
    "code" : {
      "coding" : [{
        "system" : "http://hl7.org/fhir/uv/cpg/CodeSystem/cpg-common-process",
        "code" : "guideline-based-care"
      }]
    },
    "selectionBehavior" : "one-or-more",
    "definitionCanonical" : "https://www.netzwerk-universitaetsmedizin.de/fhir/cpg-on-ebmonfhir/example/PlanDefinition/RecPlanPostoperativeDeliriumScreeningOnSurgeryDayNWMorningShift"
  },
  {
    "title" : "RecPlanPostoperativeDeliriumScreeningOnSurgeryDayICUMorningShift",
    "description" : "Perform Delirium Screening in Adult Surgical Patients, Postoperatively, on an Intensive Care unit, on Surgery Day Morning the Night Shift.",
    "code" : {
      "coding" : [{
        "system" : "http://hl7.org/fhir/uv/cpg/CodeSystem/cpg-common-process",
        "code" : "guideline-based-care"
      }]
    },
    "selectionBehavior" : "one-or-more",
    "definitionCanonical" : "https://www.netzwerk-universitaetsmedizin.de/fhir/cpg-on-ebmonfhir/example/PlanDefinition/RecPlanPostoperativeDeliriumScreeningOnSurgeryDayICUMorningShift"
  }]
}