{
  "resourceType" : "PlanDefinition",
  "id" : "RecPlanShowRecommendationNoSpecificBiomarker",
  "meta" : {
    "profile" : ["https://www.netzwerk-universitaetsmedizin.de/fhir/cpg-on-ebm-on-fhir/StructureDefinition/recommendation-plan"]
  },
  "text" : {
    "status" : "extensions",
    "div" : "<div xmlns=\"http://www.w3.org/1999/xhtml\"><p><b>Generated Narrative: PlanDefinition</b><a name=\"RecPlanShowRecommendationNoSpecificBiomarker\"> </a><a name=\"hcRecPlanShowRecommendationNoSpecificBiomarker\"> </a></p><div style=\"display: inline-block; background-color: #d9e0e7; padding: 6px; margin: 4px; border: 1px solid #8da1b4; border-radius: 5px; line-height: 60%\"><p style=\"margin-bottom: 0px\">ResourcePlanDefinition &quot;RecPlanShowRecommendationNoSpecificBiomarker&quot; </p><p style=\"margin-bottom: 0px\">Profile: <a href=\"file:///github/workspace/output/StructureDefinition-recommendation-plan.html\">Recommendation Plan</a></p></div><p><b>knowledgeCapability</b>: computable</p><p><b>knowledgeRepresentationLevel</b>: structured</p><p><b>partOf</b>: <a href=\"PlanDefinition-RecCollAdultSurgicalPatPreOrIntraOPNoSpecificBiomarker.html\">Recommendation Collection: Do no suggest using any single specific biomarker to identify patients at risk of POD in Adult Surgical Patients Pre- or Intraoperatively</a></p><blockquote><p><b>Action Combination Method</b></p><blockquote><p><b>url</b></p><code>method</code></blockquote><p><b>value</b>: All <span style=\"background: LightGoldenRodYellow; margin: 4px; border: 1px solid khaki\"> (<a href=\"file:///github/workspace/output/CodeSystem-cs-action-combination-method.html\">Action Combination Method</a>#all)</span></p></blockquote><p><b>url</b>: <code>https://www.netzwerk-universitaetsmedizin.de/fhir/cpg-on-ebmonfhir/example/PlanDefinition/RecPlanShowRecommendationNoSpecificBiomarker</code></p><p><b>version</b>: 0.2.0</p><p><b>name</b>: RecPlanShowRecommendationNoSpecificBiomarker</p><p><b>title</b>: Recommended Plan for Population: Adult Surgical Patients Pre- or Intraoperatively, do not suggest using any single specific biomarker to identify patients at risk of POD</p><p><b>type</b>: ECA Rule <span style=\"background: LightGoldenRodYellow; margin: 4px; border: 1px solid khaki\"> (<a href=\"http://terminology.hl7.org/5.5.0/CodeSystem-plan-definition-type.html\">PlanDefinitionType</a>#eca-rule)</span></p><p><b>status</b>: draft</p><p><b>experimental</b>: true</p><p><b>subject</b>: <a href=\"EvidenceVariable-PopAdultPatientsPreAndIntraoperativelyGeneral.html\">Population: General Adult Surgical Patients Pre- and Intraoperatively</a></p><p><b>date</b>: 2024-04</p><p><b>publisher</b>: DIGIPOD</p><p><b>description</b>: Recommended Plan for Adult Surgical Patients Pre- or Intraoperatively, do not suggest using any single specific biomarker to identify patients at risk of postoperative delirium (POD) and show recommendation 3.4.</p><h3>Actions</h3><table class=\"grid\"><tr><td style=\"display: none\">-</td><td><b>Code</b></td><td><b>RequiredBehavior</b></td><td><b>Definition[x]</b></td></tr><tr><td style=\"display: none\">*</td><td>We do not suggest using any single specific biomarker to identify patients at risk of POD. <span style=\"background: LightGoldenRodYellow; margin: 4px; border: 1px solid khaki\"> (<a href=\"https://browser.ihtsdotools.org/\">SNOWMED CT</a>#74964007 &quot;Other (qualifier value)&quot;)</span></td><td>could</td><td><a href=\"ActivityDefinition-RecActionAdultSurgicalPatientsNoSpecificBiomarkerWarning.html\">Recommended Action for Population: Adult Surgical Patients Pre- or Intraoperatively, do not suggest using any single specific biomarker to identify patients at risk of POD</a></td></tr></table></div>"
  },
  "extension" : [{
    "url" : "http://hl7.org/fhir/uv/cpg/StructureDefinition/cpg-knowledgeCapability",
    "valueCode" : "computable"
  },
  {
    "url" : "http://hl7.org/fhir/uv/cpg/StructureDefinition/cpg-knowledgeRepresentationLevel",
    "valueCode" : "structured"
  },
  {
    "url" : "http://hl7.org/fhir/uv/cpg/StructureDefinition/cpg-partOf",
    "valueCanonical" : "https://www.netzwerk-universitaetsmedizin.de/fhir/cpg-on-ebmonfhir/example/PlanDefinition/RecCollAdultSurgicalPatPreOrIntraOPNoSpecificBiomarker"
  },
  {
    "extension" : [{
      "url" : "method",
      "valueCodeableConcept" : {
        "coding" : [{
          "system" : "https://www.netzwerk-universitaetsmedizin.de/fhir/cpg-on-ebm-on-fhir/CodeSystem/cs-action-combination-method",
          "code" : "all"
        }]
      }
    }],
    "url" : "https://www.netzwerk-universitaetsmedizin.de/fhir/cpg-on-ebm-on-fhir/StructureDefinition/ext-action-combination-method"
  }],
  "url" : "https://www.netzwerk-universitaetsmedizin.de/fhir/cpg-on-ebmonfhir/example/PlanDefinition/RecPlanShowRecommendationNoSpecificBiomarker",
  "version" : "0.2.0",
  "name" : "RecPlanShowRecommendationNoSpecificBiomarker",
  "title" : "Recommended Plan for Population: Adult Surgical Patients Pre- or Intraoperatively, do not suggest using any single specific biomarker to identify patients at risk of POD",
  "type" : {
    "coding" : [{
      "system" : "http://terminology.hl7.org/CodeSystem/plan-definition-type",
      "code" : "eca-rule"
    }]
  },
  "status" : "draft",
  "experimental" : true,
  "subjectCanonical" : "https://www.netzwerk-universitaetsmedizin.de/fhir/cpg-on-ebmonfhir/example/EvidenceVariable/PopAdultPatientsPreAndIntraoperativelyGeneral",
  "date" : "2024-04",
  "publisher" : "DIGIPOD",
  "description" : "Recommended Plan for Adult Surgical Patients Pre- or Intraoperatively, do not suggest using any single specific biomarker to identify patients at risk of postoperative delirium (POD) and show recommendation 3.4.",
  "action" : [{
    "code" : {
      "coding" : [{
        "system" : "http://snomed.info/sct",
        "code" : "74964007",
        "display" : "Other (qualifier value)"
      }],
      "text" : "We do not suggest using any single specific biomarker to identify patients at risk of POD."
    },
    "requiredBehavior" : "could",
    "definitionCanonical" : "https://www.netzwerk-universitaetsmedizin.de/fhir/cpg-on-ebmonfhir/example/ActivityDefinition/RecActionAdultSurgicalPatientsNoSpecificBiomarkerWarning"
  }]
}