{
  "resourceType" : "PlanDefinition",
  "id" : "RecCollCheckRFAdultSurgicalPatientsPreoperatively",
  "meta" : {
    "profile" : ["https://www.netzwerk-universitaetsmedizin.de/fhir/cpg-on-ebm-on-fhir/StructureDefinition/recommendation"]
  },
  "text" : {
    "status" : "extensions",
    "div" : "<div xmlns=\"http://www.w3.org/1999/xhtml\"><p><b>Generated Narrative: PlanDefinition</b><a name=\"RecCollCheckRFAdultSurgicalPatientsPreoperatively\"> </a><a name=\"hcRecCollCheckRFAdultSurgicalPatientsPreoperatively\"> </a></p><div style=\"display: inline-block; background-color: #d9e0e7; padding: 6px; margin: 4px; border: 1px solid #8da1b4; border-radius: 5px; line-height: 60%\"><p style=\"margin-bottom: 0px\">ResourcePlanDefinition &quot;RecCollCheckRFAdultSurgicalPatientsPreoperatively&quot; </p><p style=\"margin-bottom: 0px\">Profile: <a href=\"file:///github/workspace/output/StructureDefinition-recommendation.html\">Recommendation</a></p></div><p><b>knowledgeCapability</b>: computable</p><p><b>knowledgeRepresentationLevel</b>: structured</p><blockquote><p><b>Action Combination Method</b></p><blockquote><p><b>url</b></p><code>method</code></blockquote><p><b>value</b>: All <span style=\"background: LightGoldenRodYellow; margin: 4px; border: 1px solid khaki\"> (<a href=\"file:///github/workspace/output/CodeSystem-cs-action-combination-method.html\">Action Combination Method</a>#all)</span></p></blockquote><p><b>url</b>: <code>https://www.netzwerk-universitaetsmedizin.de/fhir/cpg-on-ebmonfhir/example/PlanDefinition/RecCollCheckRFAdultSurgicalPatientsPreoperatively</code></p><p><b>version</b>: 0.2.0</p><p><b>name</b>: RecCollCheckRFAdultSurgicalPatientsPreoperatively</p><p><b>title</b>: Recommendation Collection: Check risk factors in Adult Surgical Patients Preoperatively</p><p><b>type</b>: Workflow Definition <span style=\"background: LightGoldenRodYellow; margin: 4px; border: 1px solid khaki\"> (<a href=\"http://terminology.hl7.org/5.5.0/CodeSystem-plan-definition-type.html\">PlanDefinitionType</a>#workflow-definition)</span></p><p><b>status</b>: draft</p><p><b>date</b>: 2024-02</p><p><b>publisher</b>: European Society of Anaesthesiology and Intensive Care Medicine (ESAIC)</p><p><b>description</b>: Recommendation collection for adult patients that will undergo a surgical intervention: Check risk factors age, American Society of Anesthesiology Physical status score (ASA), Charlson Comorbidity Index (CCI) and Mini-cog test score (Mini-cog). If Mini-cog test score is equal to or higher than 3, perform Montreal Cognitive Assessment (MoCA), Addenbrooke's Cognitive Examination (ACE-R) or Mini Mental State Examination (MMSE). Please note that MMSE is not free of charge (license fees)</p><blockquote><p><b>action</b></p><p><b>title</b>: RecommendationPlanCheckRiskFactorsAgeASACCIMiniCog</p><p><b>description</b>: Check risk factors age, ASA, CCI and Mini-Cog in Adult Surgical Patients, Preoperatively</p><p><b>code</b>: Guideline-based Care <span style=\"background: LightGoldenRodYellow; margin: 4px; border: 1px solid khaki\"> (<a href=\"http://hl7.org/fhir/uv/cpg/STU1/CodeSystem-cpg-common-process.html\">CPG Common Process</a>#guideline-based-care)</span></p><p><b>selectionBehavior</b>: one-or-more</p><p><b>definition</b>: <a href=\"PlanDefinition-RecPlanCheckRiskFactorsAgeASACCIMiniCog.html\">Recommended Plan for Population: Adult Surgical Patients Preoperatively, check risk factors age, ASA, CCI and Mini-cog</a></p></blockquote><blockquote><p><b>action</b></p><p><b>title</b>: RecommendationPlanCheckRiskFactorsMoCAACERMMSE</p><p><b>description</b>: Check risk factors MoCA, ACE-R or MMSE in Adult Surgical Patients, Preoperatively, with positive Mini-cog test score</p><p><b>code</b>: Guideline-based Care <span style=\"background: LightGoldenRodYellow; margin: 4px; border: 1px solid khaki\"> (<a href=\"http://hl7.org/fhir/uv/cpg/STU1/CodeSystem-cpg-common-process.html\">CPG Common Process</a>#guideline-based-care)</span></p><p><b>selectionBehavior</b>: one-or-more</p><p><b>definition</b>: <a href=\"PlanDefinition-RecPlanCheckRiskFactorsMoCAACERMMSE.html\">Recommended Plan for Population: Adult Surgical Patients Preoperatively with Positive Mini-cog Test Score, check risk factor Montreal Cognitive Assessment (MoCA) score, Addenbrooke's Cognitive Examination revised (ACE-R) score or Mini-Mental State Examination (MMSE) score</a></p></blockquote><blockquote><p><b>action</b></p><p><b>title</b>: RecommendationPlanProvideLicenseFeeWarningForMMSE</p><p><b>description</b>: Provide a warning for MMSE license fees in Adult Surgical Patients, Preoperatively, with positive Mini-cog test score that need a MMSE</p><p><b>code</b>: Guideline-based Care <span style=\"background: LightGoldenRodYellow; margin: 4px; border: 1px solid khaki\"> (<a href=\"http://hl7.org/fhir/uv/cpg/STU1/CodeSystem-cpg-common-process.html\">CPG Common Process</a>#guideline-based-care)</span></p><p><b>selectionBehavior</b>: one-or-more</p><p><b>definition</b>: <a href=\"PlanDefinition-RecPlanProvideLicenseFeeWarningForMMSE.html\">Population: Adult Surgical Patients Preoperatively with Positive Mini-cog Test Score that need a Mini-Mental State Examination, provide warning because of MMSE license fees</a></p></blockquote></div>"
  },
  "extension" : [{
    "url" : "http://hl7.org/fhir/uv/cpg/StructureDefinition/cpg-knowledgeCapability",
    "valueCode" : "computable"
  },
  {
    "url" : "http://hl7.org/fhir/uv/cpg/StructureDefinition/cpg-knowledgeRepresentationLevel",
    "valueCode" : "structured"
  },
  {
    "extension" : [{
      "url" : "method",
      "valueCodeableConcept" : {
        "coding" : [{
          "system" : "https://www.netzwerk-universitaetsmedizin.de/fhir/cpg-on-ebm-on-fhir/CodeSystem/cs-action-combination-method",
          "code" : "all"
        }]
      }
    }],
    "url" : "https://www.netzwerk-universitaetsmedizin.de/fhir/cpg-on-ebm-on-fhir/StructureDefinition/ext-action-combination-method"
  }],
  "url" : "https://www.netzwerk-universitaetsmedizin.de/fhir/cpg-on-ebmonfhir/example/PlanDefinition/RecCollCheckRFAdultSurgicalPatientsPreoperatively",
  "version" : "0.2.0",
  "name" : "RecCollCheckRFAdultSurgicalPatientsPreoperatively",
  "title" : "Recommendation Collection: Check risk factors in Adult Surgical Patients Preoperatively",
  "type" : {
    "coding" : [{
      "system" : "http://terminology.hl7.org/CodeSystem/plan-definition-type",
      "code" : "workflow-definition"
    }]
  },
  "status" : "draft",
  "date" : "2024-02",
  "publisher" : "European Society of Anaesthesiology and Intensive Care Medicine (ESAIC)",
  "description" : "Recommendation collection for adult patients that will undergo a surgical intervention: Check risk factors age, American Society of Anesthesiology Physical status score (ASA), Charlson Comorbidity Index (CCI) and Mini-cog test score (Mini-cog). If Mini-cog test score is equal to or higher than 3, perform Montreal Cognitive Assessment (MoCA), Addenbrooke's Cognitive Examination (ACE-R) or Mini Mental State Examination (MMSE). Please note that MMSE is not free of charge (license fees)",
  "action" : [{
    "title" : "RecommendationPlanCheckRiskFactorsAgeASACCIMiniCog",
    "description" : "Check risk factors age, ASA, CCI and Mini-Cog in Adult Surgical Patients, Preoperatively",
    "code" : {
      "coding" : [{
        "system" : "http://hl7.org/fhir/uv/cpg/CodeSystem/cpg-common-process",
        "code" : "guideline-based-care"
      }]
    },
    "selectionBehavior" : "one-or-more",
    "definitionCanonical" : "https://www.netzwerk-universitaetsmedizin.de/fhir/cpg-on-ebmonfhir/example/PlanDefinition/RecPlanCheckRiskFactorsAgeASACCIMiniCog"
  },
  {
    "title" : "RecommendationPlanCheckRiskFactorsMoCAACERMMSE",
    "description" : "Check risk factors MoCA, ACE-R or MMSE in Adult Surgical Patients, Preoperatively, with positive Mini-cog test score",
    "code" : {
      "coding" : [{
        "system" : "http://hl7.org/fhir/uv/cpg/CodeSystem/cpg-common-process",
        "code" : "guideline-based-care"
      }]
    },
    "selectionBehavior" : "one-or-more",
    "definitionCanonical" : "https://www.netzwerk-universitaetsmedizin.de/fhir/cpg-on-ebmonfhir/example/PlanDefinition/RecPlanCheckRiskFactorsMoCAACERMMSE"
  },
  {
    "title" : "RecommendationPlanProvideLicenseFeeWarningForMMSE",
    "description" : "Provide a warning for MMSE license fees in Adult Surgical Patients, Preoperatively, with positive Mini-cog test score that need a MMSE",
    "code" : {
      "coding" : [{
        "system" : "http://hl7.org/fhir/uv/cpg/CodeSystem/cpg-common-process",
        "code" : "guideline-based-care"
      }]
    },
    "selectionBehavior" : "one-or-more",
    "definitionCanonical" : "https://www.netzwerk-universitaetsmedizin.de/fhir/cpg-on-ebmonfhir/example/PlanDefinition/RecPlanProvideLicenseFeeWarningForMMSE"
  }]
}