{
  "resourceType" : "PractitionerRole",
  "id" : "PractitionerRoleClaudiaSpies",
  "text" : {
    "status" : "additional",
    "div" : "<div xmlns=\"http://www.w3.org/1999/xhtml\">Resource representing the contact data and affiliation of Prof. Dr. Claudia Spies</div>"
  },
  "practitioner" : {
    "reference" : "Practitioner/ClaudiaSpies"
  },
  "organization" : {
    "reference" : "Organization/OrganizationCharite"
  },
  "contact" : [{
    "telecom" : [{
      "system" : "phone",
      "value" : "+49 (0) 30 450 531 012",
      "use" : "work"
    },
    {
      "system" : "fax",
      "value" : "+49 (0) 30 450 531 911",
      "use" : "work"
    },
    {
      "system" : "email",
      "value" : "claudia.spies@charite.de",
      "use" : "work"
    }]
  }]
}